{
  "content_scale": 1.0,
  "armature_data": [
    {
      "strVersion": "1.6.0.0",
      "version": 1.6,
      "name": "BornPointHuman",
      "bone_data": [
        {
          "name": "1",
          "parent": "",
          "dI": 28,
          "x": 0.0,
          "y": 0.0,
          "z": 1,
          "cX": 1.0,
          "cY": 1.0,
          "kX": 0.0,
          "kY": 0.0,
          "arrow_x": 0.0,
          "arrow_y": 0.0,
          "effectbyskeleton": false,
          "bl": 0,
          "display_data": [
     
            {
              "name": "image 6910.png",
              "displayType": 0,
              "skin_data": [
                {
                  "x": 0.0,
                  "y": 0.0,
                  "cX
            {
              "name": "image 6912.png",
              "displayType": 0,
              "skin_data": [
                {
                  "x": 0.0,
                  "y": 0.0,
                  "cX
            {
              "name": "image 6914.png",
              "displayType": 0,
              "skin_data": [
                {
                  "x": 0.0,
                  "y": 0.0,
                  "cX
            {
              "name": "image 6916.png",
              "displayType": 0,
              "skin_data": [
                {
                  "x": 0.0,
                  "y": 0.0,
                  "cX
            {
              "name": "image 6918.png",
              "displayType": 0,
              "skin_data": [
                {
                  "x": 0.0,
                  "y": 0.0,
                  "cX
            {
              "name": "image 6920.png",
              "displayType": 0,
              "skin_data": [
                {
                  "x": 0.0,
                  "y": 0.0,
                  "cX
            {
              "name": "image 6922.png",
              "displayType": 0,
              "skin_data": [
                {
                  "x": 0.0,
                  "y": 0.0,
                  "cX
            {
              "name": "image 6924.png",
              "displayType": 0,
              "skin_data": [
                {
                  "x": 0.0,
                  "y": 0.0,
                  "cX
            {
              "name": "image 6926.png",
              "displayType": 0,
              "skin_data": [
                {
                  "x": 0.0,
                  "y": 0.0,
                  "cX
            {
              "name": "image 6928.png",
              "displayType": 0,
              "skin_data": [
                {
                  "x": 0.0,
                  "y": 0.0,
                  "cX
            {
              "name": "image 6930.png",
              "displayType": 0,
              "skin_data": [
                {
                  "x": 0.0,
                  "y": 0.0,
                  "cX
            {
              "name": "image 6932.png",
              "displayType": 0,
              "skin_data": [
                {
                  "x": 0.0,
                  "y": 0.0,
                  "cX
            {
              "name": "image 6934.png",
              "displayType": 0,
              "skin_data": [
                {
                  "x": 0.0,
                  "y": 0.0,
                  "cX
            {
              "name": "image 6936.png",
              "displayType": 0,
              "skin_data": [
                {
                  "x": 0.0,
                  "y": 0.0,
                  "cX
            {
              "name": "image 6938.png",
              "displayType": 0,
              "skin_data": [
                {
                  "x": 0.0,
                  "y": 0.0,
                  "cX
            {
              "name": "image 6940.png",
              "displayType": 0,
              "skin_data": [
                {
                  "x": 0.0,
                  "y": 0.0,
                  "cX
            {
              "name": "image 6942.png",
              "displayType": 0,
              "skin_data": [
                {
                  "x": 0.0,
                  "y": 0.0,
                  "cX
            {
              "name": "image 6944.png",
              "displayType": 0,
              "skin_data": [
                {
                  "x": 0.0,
                  "y": 0.0,
                  "cX
            {
              "name": "image 6946.png",
              "displayType": 0,
              "skin_data": [
                {
                  "x": 0.0,
                  "y": 0.0,
                  "cX
            {
              "name": "image 6948.png",
              "displayType": 0,
              "skin_data": [
                {
                  "x": 0.0,
                  "y": 0.0,
                  "cX
            {
              "name": "image 6950.png",
              "displayType": 0,
              "skin_data": [
                {
                  "x": 0.0,
                  "y": 0.0,
                  "cX
            {
              "name": "image 6952.png",
              "displayType": 0,
              "skin_data": [
                {
                  "x": 0.0,
                  "y": 0.0,
                  "cX
            {
              "name": "image 6954.png",
              "displayType": 0,
              "skin_data": [
                {
                  "x": 0.0,
                  "y": 0.0,
                  "cX
            {
              "name": "image 6956.png",
              "displayType": 0,
              "skin_data": [
                {
                  "x": 0.0,
                  "y": 0.0,
                  "cX
            {
              "name": "image 6958.png",
              "displayType": 0,
              "skin_data": [
                {
                  "x": 0.0,
                  "y": 0.0,
                  "cX
            {
              "name": "image 6960.png",
              "displayType": 0,
              "skin_data": [
                {
                  "x": 0.0,
                  "y": 0.0,
                  "cX
            {
              "name": "image 6962.png",
              "displayType": 0,
              "skin_data": [
                {
                  "x": 0.0,
                  "y": 0.0,
                  "cX
            {
              "name": "image 6964.png",
              "displayType": 0,
              "skin_data": [
                {
                  "x": 0.0,
                  "y": 0.0,
                  "cX
            {
              "name": "image 6966.png",
              "displayType": 0,
              "skin_data": [
                {
                  "x": 0.0,
                  "y": 0.0,
                  "cX
            {
              "name": "image 6968.png",
              "displayType": 0,
              "skin_data": [
                {
                  "x": 0.0,
                  "y": 0.0,
                  "cX
            {
              "name": "image 6970.png",
              "displayType": 0,
              "skin_data": [
                {
                  "x": 0.0,
                  "y": 0.0,
                  "cX
            {
              "name": "image 6972.png",
              "displayType": 0,
              "skin_data": [
                {
                  "x": 0.0,
                  "y": 0.0,
                  "cX
            {
              "name": "image 6974.png",
              "displayType": 0,
              "skin_data": [
                {
                  "x": 0.0,
                  "y": 0.0,
                  "cX
            {
              "name": "image 6976.png",
              "displayType": 0,
              "skin_data": [
                {
                  "x": 0.0,
                  "y": 0.0,
                  "cX
            {
              "name": "image 6978.png",
              "displayType": 0,
              "skin_data": [
                {
                  "x": 0.0,
                  "y": 0.0,
                  "cX
            {
              "name": "image 6980.png",
              "displayType": 0,
              "skin_data": [
                {
                  "x": 0.0,
                  "y": 0.0,
                  "cX
            {
              "name": "image 6982.png",
              "displayType": 0,
              "skin_data": [
                {
                  "x": 0.0,
                  "y": 0.0,
                  "cX
            {
              "name": "image 6984.png",
              "displayType": 0,
              "skin_data": [
                {
                  "x": 0.0,
                  "y": 0.0,
                  "cX
            {
              "name": "image 6986.png",
              "displayType": 0,
              "skin_data": [
                {
                  "x": 0.0,
                  "y": 0.0,
                  "cX": 1.0,
                  "cY": 1.0,
                  "kX": 0.0,
                  "kY": 0.0
                }
              ]
            }
          ]
        }
      ]
    }
  ],
  "animation_data": [
    {
      "name": "BornPointHuman",
      "mov_data": [
        {
          "name": "1",
          "dr": 39,
          "lp": true,
          "to": 0,
          "drTW": 0,
          "twE": 0,
          "sc": 0.25,
          "mov_bone_data": [
            {
              "name": "1",
              "dl": 0.0,
              "frame_data": [
                {
                  "dI": 2,
                  "x": 0.0,
                  "y": 0.0,
                  "z": 0,
                  "cX": 1.0,
                  "cY": 1.0,
                  "kX": 0.0,
                  "kY": 0.0,
                  "fi": 0,
                  "twE": 0,
                  "tweenFrame": true,
                  "bd_src": 1,
                  "bd_dst": 771
                },
                {
                  "dI": 3,
                  "x": 0.0,
                  "y": 0.0,
                  "z": 0,
                  "cX": 1.0,
                  "cY": 1.0,
                  "kX": 0.0,
                  "kY": 0.0,
                  "fi": 1,
                  "twE": 0,
                  "tweenFrame": true,
                  "bd_src": 1,
                  "bd_dst": 771
                },
                {
                  "dI": 4,
                  "x": 0.0,
                  "y": 0.0,
                  "z": 0,
                  "cX": 1.0,
                  "cY": 1.0,
                  "kX": 0.0,
                  "kY": 0.0,
                  "fi": 2,
                  "twE": 0,
                  "tweenFrame": true,
                  "bd_src": 1,
                  "bd_dst": 771
                },
                {
                  "dI": 5,
                  "x": 0.0,
                  "y": 0.0,
                  "z": 0,
                  "cX": 1.0,
                  "cY": 1.0,
                  "kX": 0.0,
                  "kY": 0.0,
                  "fi": 3,
                  "twE": 0,
                  "tweenFrame": true,
                  "bd_src": 1,
                  "bd_dst": 771
                },
                {
                  "dI": 6,
                  "x": 0.0,
                  "y": 0.0,
                  "z": 0,
                  "cX": 1.0,
                  "cY": 1.0,
                  "kX": 0.0,
                  "kY": 0.0,
                  "fi": 4,
                  "twE": 0,
                  "tweenFrame": true,
                  "bd_src": 1,
                  "bd_dst": 771
                },
                {
                  "dI": 7,
                  "x": 0.0,
                  "y": 0.0,
                  "z": 0,
                  "cX": 1.0,
                  "cY": 1.0,
                  "kX": 0.0,
                  "kY": 0.0,
                  "fi": 5,
                  "twE": 0,
                  "tweenFrame": true,
                  "bd_src": 1,
                  "bd_dst": 771
                },
                {
                  "dI": 8,
                  "x": 0.0,
                  "y": 0.0,
                  "z": 0,
                  "cX": 1.0,
                  "cY": 1.0,
                  "kX": 0.0,
                  "kY": 0.0,
                  "fi": 6,
                  "twE": 0,
                  "tweenFrame": true,
                  "bd_src": 1,
                  "bd_dst": 771
                },
                {
                  "dI": 9,
                  "x": 0.0,
                  "y": 0.0,
                  "z": 0,
                  "cX": 1.0,
                  "cY": 1.0,
                  "kX": 0.0,
                  "kY": 0.0,
                  "fi": 7,
                  "twE": 0,
                  "tweenFrame": true,
                  "bd_src": 1,
                  "bd_dst": 771
                },
                {
                  "dI": 10,
                  "x": 0.0,
                  "y": 0.0,
                  "z": 0,
                  "cX": 1.0,
                  "cY": 1.0,
                  "kX": 0.0,
                  "kY": 0.0,
                  "fi": 8,
                  "twE": 0,
                  "tweenFrame": true,
                  "bd_src": 1,
                  "bd_dst": 771
                },
                {
                  "dI": 11,
                  "x": 0.0,
                  "y": 0.0,
                  "z": 0,
                  "cX": 1.0,
                  "cY": 1.0,
                  "kX": 0.0,
                  "kY": 0.0,
                  "fi": 9,
                  "twE": 0,
                  "tweenFrame": true,
                  "bd_src": 1,
                  "bd_dst": 771
                },
                {
                  "dI": 12,
                  "x": 0.0,
                  "y": 0.0,
                  "z": 0,
                  "cX": 1.0,
                  "cY": 1.0,
                  "kX": 0.0,
                  "kY": 0.0,
                  "fi": 10,
                  "twE": 0,
                  "tweenFrame": true,
                  "bd_src": 1,
                  "bd_dst": 771
                },
                {
                  "dI": 13,
                  "x": 0.0,
                  "y": 0.0,
                  "z": 0,
                  "cX": 1.0,
                  "cY": 1.0,
                  "kX": 0.0,
                  "kY": 0.0,
                  "fi": 11,
                  "twE": 0,
                  "tweenFrame": true,
                  "bd_src": 1,
                  "bd_dst": 771
                },
                {
                  "dI": 14,
                  "x": 0.0,
                  "y": 0.0,
                  "z": 0,
                  "cX": 1.0,
                  "cY": 1.0,
                  "kX": 0.0,
                  "kY": 0.0,
                  "fi": 12,
                  "twE": 0,
                  "tweenFrame": true,
                  "bd_src": 1,
                  "bd_dst": 771
                },
                {
                  "dI": 15,
                  "x": 0.0,
                  "y": 0.0,
                  "z": 0,
                  "cX": 1.0,
                  "cY": 1.0,
                  "kX": 0.0,
                  "kY": 0.0,
                  "fi": 13,
                  "twE": 0,
                  "tweenFrame": true,
                  "bd_src": 1,
                  "bd_dst": 771
                },
                {
                  "dI": 16,
                  "x": 0.0,
                  "y": 0.0,
                  "z": 0,
                  "cX": 1.0,
                  "cY": 1.0,
                  "kX": 0.0,
                  "kY": 0.0,
                  "fi": 14,
                  "twE": 0,
                  "tweenFrame": true,
                  "bd_src": 1,
                  "bd_dst": 771
                },
                {
                  "dI": 17,
                  "x": 0.0,
                  "y": 0.0,
                  "z": 0,
                  "cX": 1.0,
                  "cY": 1.0,
                  "kX": 0.0,
                  "kY": 0.0,
                  "fi": 15,
                  "twE": 0,
                  "tweenFrame": true,
                  "bd_src": 1,
                  "bd_dst": 771
                },
                {
                  "dI": 18,
                  "x": 0.0,
                  "y": 0.0,
                  "z": 0,
                  "cX": 1.0,
                  "cY": 1.0,
                  "kX": 0.0,
                  "kY": 0.0,
                  "fi": 16,
                  "twE": 0,
                  "tweenFrame": true,
                  "bd_src": 1,
                  "bd_dst": 771
                },
                {
                  "dI": 19,
                  "x": 0.0,
                  "y": 0.0,
                  "z": 0,
                  "cX": 1.0,
                  "cY": 1.0,
                  "kX": 0.0,
                  "kY": 0.0,
                  "fi": 17,
                  "twE": 0,
                  "tweenFrame": true,
                  "bd_src": 1,
                  "bd_dst": 771
                },
                {
                  "dI": 20,
                  "x": 0.0,
                  "y": 0.0,
                  "z": 0,
                  "cX": 1.0,
                  "cY": 1.0,
                  "kX": 0.0,
                  "kY": 0.0,
                  "fi": 18,
                  "twE": 0,
                  "tweenFrame": true,
                  "bd_src": 1,
                  "bd_dst": 771
                },
                {
                  "dI": 21,
                  "x": 0.0,
                  "y": 0.0,
                  "z": 0,
                  "cX": 1.0,
                  "cY": 1.0,
                  "kX": 0.0,
                  "kY": 0.0,
                  "fi": 19,
                  "twE": 0,
                  "tweenFrame": true,
                  "bd_src": 1,
                  "bd_dst": 771
                },
                {
                  "dI": 22,
                  "x": 0.0,
                  "y": 0.0,
                  "z": 0,
                  "cX": 1.0,
                  "cY": 1.0,
                  "kX": 0.0,
                  "kY": 0.0,
                  "fi": 20,
                  "twE": 0,
                  "tweenFrame": true,
                  "bd_src": 1,
                  "bd_dst": 771
                },
                {
                  "dI": 23,
                  "x": 0.0,
                  "y": 0.0,
                  "z": 0,
                  "cX": 1.0,
                  "cY": 1.0,
                  "kX": 0.0,
                  "kY": 0.0,
                  "fi": 21,
                  "twE": 0,
                  "tweenFrame": true,
                  "bd_src": 1,
                  "bd_dst": 771
                },
                {
                  "dI": 24,
                  "x": 0.0,
                  "y": 0.0,
                  "z": 0,
                  "cX": 1.0,
                  "cY": 1.0,
                  "kX": 0.0,
                  "kY": 0.0,
                  "fi": 22,
                  "twE": 0,
                  "tweenFrame": true,
                  "bd_src": 1,
                  "bd_dst": 771
                },
                {
                  "dI": 25,
                  "x": 0.0,
                  "y": 0.0,
                  "z": 0,
                  "cX": 1.0,
                  "cY": 1.0,
                  "kX": 0.0,
                  "kY": 0.0,
                  "fi": 23,
                  "twE": 0,
                  "tweenFrame": true,
                  "bd_src": 1,
                  "bd_dst": 771
                },
                {
                  "dI": 26,
                  "x": 0.0,
                  "y": 0.0,
                  "z": 0,
                  "cX": 1.0,
                  "cY": 1.0,
                  "kX": 0.0,
                  "kY": 0.0,
                  "fi": 24,
                  "twE": 0,
                  "tweenFrame": true,
                  "bd_src": 1,
                  "bd_dst": 771
                },
                {
                  "dI": 27,
                  "x": 0.0,
                  "y": 0.0,
                  "z": 0,
                  "cX": 1.0,
                  "cY": 1.0,
                  "kX": 0.0,
                  "kY": 0.0,
                  "fi": 25,
                  "twE": 0,
                  "tweenFrame": true,
                  "bd_src": 1,
                  "bd_dst": 771
                },
                {
                  "dI": 28,
                  "x": 0.0,
                  "y": 0.0,
                  "z": 0,
                  "cX": 1.0,
                  "cY": 1.0,
                  "kX": 0.0,
                  "kY": 0.0,
                  "fi": 26,
                  "twE": 0,
                  "tweenFrame": true,
                  "bd_src": 1,
                  "bd_dst": 771
                },
                {
                  "dI": 29,
                  "x": 0.0,
                  "y": 0.0,
                  "z": 0,
                  "cX": 1.0,
                  "cY": 1.0,
                  "kX": 0.0,
                  "kY": 0.0,
                  "fi": 27,
                  "twE": 0,
                  "tweenFrame": true,
                  "bd_src": 1,
                  "bd_dst": 771
                },
                {
                  "dI": 30,
                  "x": 0.0,
                  "y": 0.0,
                  "z": 0,
                  "cX": 1.0,
                  "cY": 1.0,
                  "kX": 0.0,
                  "kY": 0.0,
                  "fi": 28,
                  "twE": 0,
                  "tweenFrame": true,
                  "bd_src": 1,
                  "bd_dst": 771
                },
                {
                  "dI": 31,
                  "x": 0.0,
                  "y": 0.0,
                  "z": 0,
                  "cX": 1.0,
                  "cY": 1.0,
                  "kX": 0.0,
                  "kY": 0.0,
                  "fi": 29,
                  "twE": 0,
                  "tweenFrame": true,
                  "bd_src": 1,
                  "bd_dst": 771
                },
                {
                  "dI": 32,
                  "x": 0.0,
                  "y": 0.0,
                  "z": 0,
                  "cX": 1.0,
                  "cY": 1.0,
                  "kX": 0.0,
                  "kY": 0.0,
                  "fi": 30,
                  "twE": 0,
                  "tweenFrame": true,
                  "bd_src": 1,
                  "bd_dst": 771
                },
                {
                  "dI": 33,
                  "x": 0.0,
                  "y": 0.0,
                  "z": 0,
                  "cX": 1.0,
                  "cY": 1.0,
                  "kX": 0.0,
                  "kY": 0.0,
                  "fi": 31,
                  "twE": 0,
                  "tweenFrame": true,
                  "bd_src": 1,
                  "bd_dst": 771
                },
                {
                  "dI": 34,
                  "x": 0.0,
                  "y": 0.0,
                  "z": 0,
                  "cX": 1.0,
                  "cY": 1.0,
                  "kX": 0.0,
                  "kY": 0.0,
                  "fi": 32,
                  "twE": 0,
                  "tweenFrame": true,
                  "bd_src": 1,
                  "bd_dst": 771
                },
                {
                  "dI": 35,
                  "x": 0.0,
                  "y": 0.0,
                  "z": 0,
                  "cX": 1.0,
                  "cY": 1.0,
                  "kX": 0.0,
                  "kY": 0.0,
                  "fi": 33,
                  "twE": 0,
                  "tweenFrame": true,
                  "bd_src": 1,
                  "bd_dst": 771
                },
                {
                  "dI": 36,
                  "x": 0.0,
                  "y": 0.0,
                  "z": 0,
                  "cX": 1.0,
                  "cY": 1.0,
                  "kX": 0.0,
                  "kY": 0.0,
                  "fi": 34,
                  "twE": 0,
                  "tweenFrame": true,
                  "bd_src": 1,
                  "bd_dst": 771
                },
                {
                  "dI": 37,
                  "x": 0.0,
                  "y": 0.0,
                  "z": 0,
                  "cX": 1.0,
                  "cY": 1.0,
                  "kX": 0.0,
                  "kY": 0.0,
                  "fi": 35,
                  "twE": 0,
                  "tweenFrame": true,
                  "bd_src": 1,
                  "bd_dst": 771
                },
                {
                  "dI": 38,
                  "x": 0.0,
                  "y": 0.0,
                  "z": 0,
                  "cX": 1.0,
                  "cY": 1.0,
                  "kX": 0.0,
                  "kY": 0.0,
                  "fi": 36,
                  "twE": 0,
                  "tweenFrame": true,
                  "bd_src": 1,
                  "bd_dst": 771
                },
                {
                  "dI": 39,
                  "x": 0.0,
                  "y": 0.0,
                  "z": 0,
                  "cX": 1.0,
                  "cY": 1.0,
                  "kX": 0.0,
                  "kY": 0.0,
                  "fi": 37,
                  "twE": 0,
                  "tweenFrame": true,
                  "bd_src": 1,
                  "bd_dst": 771
                },
                {
                  "dI": 40,
                  "x": 0.0,
                  "y": 0.0,
                  "z": 0,
                  "cX": 1.0,
                  "cY": 1.0,
                  "kX": 0.0,
                  "kY": 0.0,
                  "fi": 38,
                  "twE": 0,
                  "tweenFrame": true,
                  "bd_src": 1,
                  "bd_dst": 771
                }
              ]
            }
          ]
        }
      ]
    }
  ],
  "texture_data": [
    {
      "name": "image 6910",
      "width": 105.0,
      "height": 65.0,
      "pX": 0.5,
      "pY": 0.5,
      "plistFile": ""
    },
    {
      "name": "image 6912",
      "width": 0.0,
      "height": 0.0,
      "pX": 0.5,
      "pY": 0.5,
      "plistFile": ""
    },
    {
      "name": "image 6914",
      "width": 0.0,
      "height": 0.0,
      "pX": 0.5,
      "pY": 0.5,
      "plistFile": ""
    },
    {
      "name": "image 6916",
      "width": 0.0,
      "height": 0.0,
      "pX": 0.5,
      "pY": 0.5,
      "plistFile": ""
    },
    {
      "name": "image 6918",
      "width": 0.0,
      "height": 0.0,
      "pX": 0.5,
      "pY": 0.5,
      "plistFile": ""
    },
    {
      "name": "image 6920",
      "width": 0.0,
      "height": 0.0,
      "pX": 0.5,
      "pY": 0.5,
      "plistFile": ""
    },
    {
      "name": "image 6922",
      "width": 0.0,
      "height": 0.0,
      "pX": 0.5,
      "pY": 0.5,
      "plistFile": ""
    },
    {
      "name": "image 6924",
      "width": 0.0,
      "height": 0.0,
      "pX": 0.5,
      "pY": 0.5,
      "plistFile": ""
    },
    {
      "name": "image 6926",
      "width": 0.0,
      "height": 0.0,
      "pX": 0.5,
      "pY": 0.5,
      "plistFile": ""
    },
    {
      "name": "image 6928",
      "width": 0.0,
      "height": 0.0,
      "pX": 0.5,
      "pY": 0.5,
      "plistFile": ""
    },
    {
      "name": "image 6930",
      "width": 0.0,
      "height": 0.0,
      "pX": 0.5,
      "pY": 0.5,
      "plistFile": ""
    },
    {
      "name": "image 6932",
      "width": 0.0,
      "height": 0.0,
      "pX": 0.5,
      "pY": 0.5,
      "plistFile": ""
    },
    {
      "name": "image 6934",
      "width": 0.0,
      "height": 0.0,
      "pX": 0.5,
      "pY": 0.5,
      "plistFile": ""
    },
    {
      "name": "image 6936",
      "width": 0.0,
      "height": 0.0,
      "pX": 0.5,
      "pY": 0.5,
      "plistFile": ""
    },
    {
      "name": "image 6938",
      "width": 0.0,
      "height": 0.0,
      "pX": 0.5,
      "pY": 0.5,
      "plistFile": ""
    },
    {
      "name": "image 6940",
      "width": 0.0,
      "height": 0.0,
      "pX": 0.5,
      "pY": 0.5,
      "plistFile": ""
    },
    {
      "name": "image 6942",
      "width": 0.0,
      "height": 0.0,
      "pX": 0.5,
      "pY": 0.5,
      "plistFile": ""
    },
    {
      "name": "image 6944",
      "width": 0.0,
      "height": 0.0,
      "pX": 0.5,
      "pY": 0.5,
      "plistFile": ""
    },
    {
      "name": "image 6946",
      "width": 0.0,
      "height": 0.0,
      "pX": 0.5,
      "pY": 0.5,
      "plistFile": ""
    },
    {
      "name": "image 6948",
      "width": 0.0,
      "height": 0.0,
      "pX": 0.5,
      "pY": 0.5,
      "plistFile": ""
    },
    {
      "name": "image 6950",
      "width": 0.0,
      "height": 0.0,
      "pX": 0.5,
      "pY": 0.5,
      "plistFile": ""
    },
    {
      "name": "image 6952",
      "width": 0.0,
      "height": 0.0,
      "pX": 0.5,
      "pY": 0.5,
      "plistFile": ""
    },
    {
      "name": "image 6954",
      "width": 0.0,
      "height": 0.0,
      "pX": 0.5,
      "pY": 0.5,
      "plistFile": ""
    },
    {
      "name": "image 6956",
      "width": 0.0,
      "height": 0.0,
      "pX": 0.5,
      "pY": 0.5,
      "plistFile": ""
    },
    {
      "name": "image 6958",
      "width": 0.0,
      "height": 0.0,
      "pX": 0.5,
      "pY": 0.5,
      "plistFile": ""
    },
    {
      "name": "image 6960",
      "width": 0.0,
      "height": 0.0,
      "pX": 0.5,
      "pY": 0.5,
      "plistFile": ""
    },
    {
      "name": "image 6962",
      "width": 0.0,
      "height": 0.0,
      "pX": 0.5,
      "pY": 0.5,
      "plistFile": ""
    },
    {
      "name": "image 6964",
      "width": 0.0,
      "height": 0.0,
      "pX": 0.5,
      "pY": 0.5,
      "plistFile": ""
    },
    {
      "name": "image 6966",
      "width": 0.0,
      "height": 0.0,
      "pX": 0.5,
      "pY": 0.5,
      "plistFile": ""
    },
    {
      "name": "image 6968",
      "width": 0.0,
      "height": 0.0,
      "pX": 0.5,
      "pY": 0.5,
      "plistFile": ""
    },
    {
      "name": "image 6970",
      "width": 0.0,
      "height": 0.0,
      "pX": 0.5,
      "pY": 0.5,
      "plistFile": ""
    },
    {
      "name": "image 6972",
      "width": 0.0,
      "height": 0.0,
      "pX": 0.5,
      "pY": 0.5,
      "plistFile": ""
    },
    {
      "name": "image 6974",
      "width": 0.0,
      "height": 0.0,
      "pX": 0.5,
      "pY": 0.5,
      "plistFile": ""
    },
    {
      "name": "image 6976",
      "width": 0.0,
      "height": 0.0,
      "pX": 0.5,
      "pY": 0.5,
      "plistFile": ""
    },
    {
      "name": "image 6978",
      "width": 0.0,
      "height": 0.0,
      "pX": 0.5,
      "pY": 0.5,
      "plistFile": ""
    },
    {
      "name": "image 6980",
      "width": 0.0,
      "height": 0.0,
      "pX": 0.5,
      "pY": 0.5,
      "plistFile": ""
    },
    {
      "name": "image 6982",
      "width": 0.0,
      "height": 0.0,
      "pX": 0.5,
      "pY": 0.5,
      "plistFile": ""
    },
    {
      "name": "image 6984",
      "width": 0.0,
      "height": 0.0,
      "pX": 0.5,
      "pY": 0.5,
      "plistFile": ""
    },
    {
      "name": "image 6986",
      "width": 0.0,
      "height": 0.0,
      "pX": 0.5,
      "pY": 0.5,
      "plistFile": ""
    }
  ],
  "config_file_path": [],
  "config_png_path": []
}