{
  "content_scale": 1.0,
  "armature_data": [
    {
      "strVersion": "1.6.0.0",
      "version": 1.6,
      "name": "Loading_King",
      "bone_data": [
        {
          "name": "Layer1",
          "parent": "",
          "dI": 4,
          "x": 0.0,
          "y": 19.0,
          "z": 1,
          "cX": 1.0,
          "cY": 1.0,
          "kX": 0.0,
          "kY": 0.0,
          "arrow_x": 0.0,
          "arrow_y": 0.0,
          "effectbyskeleton": false,
          "bl": 0,
          "display_data": [
            {
              "name": "image 8668.png",
              "displayType": 0,
              "skin_data": [
                {
                  "x": 0.0,
                  "y": 0.0,
                  "cX": 1.0,
                  "cY": 1.0,
                  "kX": 0.0,
                  "kY": 0.0
                }
              ]
            },
            {
              "name": "image 8670.png",
              "displayType": 0,
              "skin_data": [
                {
                  "x": 0.0,
                  "y": 0.0,
                  "cX": 1.0,
                  "cY": 1.0,
                  "kX": 0.0,
                  "kY": 0.0
                }
              ]
            },
            {
              "name": "image 8672.png",
              "displayType": 0,
              "skin_data": [
                {
                  "x": 0.0,
                  "y": 0.0,
                  "cX": 1.0,
                  "cY": 1.0,
                  "kX": 0.0,
                  "kY": 0.0
                }
              ]
            },
            {
              "name": "image 8674.png",
              "displayType": 0,
              "skin_data": [
                {
                  "x": 0.0,
                  "y": 0.0,
                  "cX": 1.0,
                  "cY": 1.0,
                  "kX": 0.0,
                  "kY": 0.0
                }
              ]
            },
            {
              "name": "image 8676.png",
              "displayType": 0,
              "skin_data": [
                {
                  "x": 0.0,
                  "y": 0.0,
                  "cX": 1.0,
                  "cY": 1.0,
                  "kX": 0.0,
                  "kY": 0.0
                }
              ]
            }
          ]
        }
      ]
    }
  ],
  "animation_data": [
    {
      "name": "Loading_King",
      "mov_data": [
        {
          "name": "1",
          "dr": 5,
          "lp": true,
          "to": 0,
          "drTW": 0,
          "twE": 0,
          "sc": 0.166666672,
          "mov_bone_data": [
            {
              "name": "Layer1",
              "dl": 0.0,
              "frame_data": [
                {
                  "dI": 4,
                  "x": 0.0,
                  "y": 0.0,
                  "z": 0,
                  "cX": 1.0,
                  "cY": 1.0,
                  "kX": 0.0,
                  "kY": 0.0,
                  "fi": 0,
                  "twE": 0,
                  "tweenFrame": true,
                  "bd_src": 1,
                  "bd_dst": 771
                },
                {
                  "dI": 1,
                  "x": 0.0,
                  "y": 0.0,
                  "z": 0,
                  "cX": 1.0,
                  "cY": 1.0,
                  "kX": 0.0,
                  "kY": 0.0,
                  "fi": 1,
                  "twE": 0,
                  "tweenFrame": true,
                  "bd_src": 1,
                  "bd_dst": 771
                },
                {
                  "dI": 2,
                  "x": 0.0,
                  "y": 0.0,
                  "z": 0,
                  "cX": 1.0,
                  "cY": 1.0,
                  "kX": 0.0,
                  "kY": 0.0,
                  "fi": 2,
                  "twE": 0,
                  "tweenFrame": true,
                  "bd_src": 1,
                  "bd_dst": 771
                },
                {
                  "dI": 3,
                  "x": 0.0,
                  "y": 0.0,
                  "z": 0,
                  "cX": 1.0,
                  "cY": 1.0,
                  "kX": 0.0,
                  "kY": 0.0,
                  "fi": 3,
                  "twE": 0,
                  "tweenFrame": true,
                  "bd_src": 1,
                  "bd_dst": 771
                },
                {
                  "dI": 4,
                  "x": 0.0,
                  "y": 0.0,
                  "z": 0,
                  "cX": 1.0,
                  "cY": 1.0,
                  "kX": 0.0,
                  "kY": 0.0,
                  "fi": 4,
                  "twE": 0,
                  "tweenFrame": true,
                  "bd_src": 1,
                  "bd_dst": 771
                }
              ]
            }
          ]
        }
      ]
    }
  ],
  "texture_data": [
    {
      "name": "image 8668",
      "width": 116.0,
      "height": 84.0,
      "pX": 0.5,
      "pY": 0.5,
      "plistFile": ""
    },
    {
      "name": "image 8670",
      "width": 0.0,
      "height": 0.0,
      "pX": 0.5,
      "pY": 0.5,
      "plistFile": ""
    },
    {
      "name": "image 8672",
      "width": 0.0,
      "height": 0.0,
      "pX": 0.5,
      "pY": 0.5,
      "plistFile": ""
    },
    {
      "name": "image 8674",
      "width": 0.0,
      "height": 0.0,
      "pX": 0.5,
      "pY": 0.5,
      "plistFile": ""
    },
    {
      "name": "image 8676",
      "width": 116.0,
      "height": 84.0,
      "pX": 0.5,
      "pY": 0.5,
      "plistFile": ""
    }
  ],
  "config_file_path": [],
  "config_png_path": []
}