{
  "content_scale": 1.0,
  "armature_data": [
    {
      "strVersion": "1.6.0.0",
      "version": 1.6,
      "name": "ShadowArcher",
      "bone_data": [
        {
          "name": "skill_right",
          "parent": "",
          "dI": -1,
          "x": -3.0,
          "y": 7.0,
          "z": 12,
          "cX": 1.0,
          "cY": 1.0,
          "kX": 0.0,
          "kY": 0.0,
          "arrow_x": 0.0,
          "arrow_y": 0.0,
          "effectbyskeleton": false,
          "bl": 0,
          "display_data": [
            {
              "name": "image 13313.png",
              "displayType": 0,
              "skin_data": [
                {
                  "x": 0.0,
                  "y": 0.0,
                  "cX": 1.0,
                  "cY": 1.0,
                  "kX": 0.0,
                  "kY": 0.0
                }
              ]
            },
            {
              "name": "image 13315.png",
              "displayType": 0,
              "skin_data": [
                {
                  "x": 0.0,
                  "y": 0.0,
                  "cX": 1.0,
                  "cY": 1.0,
                  "kX": 0.0,
                  "kY": 0.0
                }
              ]
            },
            {
              "name": "image 13317.png",
              "displayType": 0,
              "skin_data": [
                {
                  "x": 0.0,
                  "y": 0.0,
                  "cX": 1.0,
                  "cY": 1.0,
                  "kX": 0.0,
                  "kY": 0.0
                }
              ]
            },
            {
              "name": "image 13319.png",
              "displayType": 0,
              "skin_data": [
                {
                  "x": 0.0,
                  "y": 0.0,
                  "cX": 1.0,
                  "cY": 1.0,
                  "kX": 0.0,
                  "kY": 0.0
                }
              ]
            },
            {
              "name": "image 13321.png",
              "displayType": 0,
              "skin_data": [
                {
                  "x": 0.0,
                  "y": 0.0,
                  "cX": 1.0,
                  "cY": 1.0,
                  "kX": 0.0,
                  "kY": 0.0
                }
              ]
            },
            {
              "name": "image 13323.png",
              "displayType": 0,
              "skin_data": [
                {
                  "x": 0.0,
                  "y": 0.0,
                  "cX": 1.0,
                  "cY": 1.0,
                  "kX": 0.0,
                  "kY": 0.0
                }
              ]
            },
            {
              "name": "image 13325.png",
              "displayType": 0,
              "skin_data": [
                {
                  "x": 0.0,
                  "y": 0.0,
                  "cX": 1.0,
                  "cY": 1.0,
                  "kX": 0.0,
                  "kY": 0.0
                }
              ]
            },
            {
              "name": "image 13307.png",
              "displayType": 0,
              "skin_data": [
                {
                  "x": 0.0,
                  "y": 0.0,
                  "cX": 1.0,
                  "cY": 1.0,
                  "kX": 0.0,
                  "kY": 0.0
                }
              ]
            }
          ]
        },
        {
          "name": "skill_left",
          "parent": "",
          "dI": -1,
          "x": 3.0,
          "y": 7.0,
          "z": 11,
          "cX": -1.0,
          "cY": 1.0,
          "kX": 0.0,
          "kY": 0.0,
          "arrow_x": 0.0,
          "arrow_y": 0.0,
          "effectbyskeleton": false,
          "bl": 0,
          "display_data": [
            {
              "name": "image 13313.png",
              "displayType": 0,
              "skin_data": [
                {
                  "x": 0.0,
                  "y": 0.0,
                  "cX": 1.0,
                  "cY": 1.0,
                  "kX": 0.0,
                  "kY": 0.0
                }
              ]
            },
            {
              "name": "image 13315.png",
              "displayType": 0,
              "skin_data": [
                {
                  "x": 0.0,
                  "y": 0.0,
                  "cX": 1.0,
                  "cY": 1.0,
                  "kX": 0.0,
                  "kY": 0.0
                }
              ]
            },
            {
              "name": "image 13317.png",
              "displayType": 0,
              "skin_data": [
                {
                  "x": 0.0,
                  "y": 0.0,
                  "cX": 1.0,
                  "cY": 1.0,
                  "kX": 0.0,
                  "kY": 0.0
                }
              ]
            },
            {
              "name": "image 13319.png",
              "displayType": 0,
              "skin_data": [
                {
                  "x": 0.0,
                  "y": 0.0,
                  "cX": 1.0,
                  "cY": 1.0,
                  "kX": 0.0,
                  "kY": 0.0
                }
              ]
            },
            {
              "name": "image 13321.png",
              "displayType": 0,
              "skin_data": [
                {
                  "x": 0.0,
                  "y": 0.0,
                  "cX": 1.0,
                  "cY": 1.0,
                  "kX": 0.0,
                  "kY": 0.0
                }
              ]
            },
            {
              "name": "image 13323.png",
              "displayType": 0,
              "skin_data": [
                {
                  "x": 0.0,
                  "y": 0.0,
                  "cX": 1.0,
                  "cY": 1.0,
                  "kX": 0.0,
                  "kY": 0.0
                }
              ]
            },
            {
              "name": "image 13325.png",
              "displayType": 0,
              "skin_data": [
                {
                  "x": 0.0,
                  "y": 0.0,
                  "cX": 1.0,
                  "cY": 1.0,
                  "kX": 0.0,
                  "kY": 0.0
                }
              ]
            },
            {
              "name": "image 13307.png",
              "displayType": 0,
              "skin_data": [
                {
                  "x": 0.0,
                  "y": 0.0,
                  "cX": 1.0,
                  "cY": 1.0,
                  "kX": 0.0,
                  "kY": 0.0
                }
              ]
            }
          ]
        },
        {
          "name": "idleleft",
          "parent": "",
          "dI": -1,
          "x": 3.0,
          "y": 7.0,
          "z": 10,
          "cX": -1.0,
          "cY": 1.0,
          "kX": 0.0,
          "kY": 0.0,
          "arrow_x": 0.0,
          "arrow_y": 0.0,
          "effectbyskeleton": false,
          "bl": 0,
          "display_data": [
            {
              "name": "image 13307.png",
              "displayType": 0,
              "skin_data": [
                {
                  "x": 0.0,
                  "y": 0.0,
                  "cX": 1.0,
                  "cY": 1.0,
                  "kX": 0.0,
                  "kY": 0.0
                }
              ]
            }
          ]
        },
        {
          "name": "idleright",
          "parent": "",
          "dI": -1,
          "x": -3.0,
          "y": 7.0,
          "z": 9,
          "cX": 1.0,
          "cY": 1.0,
          "kX": 0.0,
          "kY": 0.0,
          "arrow_x": 0.0,
          "arrow_y": 0.0,
          "effectbyskeleton": false,
          "bl": 0,
          "display_data": [
            {
              "name": "image 13307.png",
              "displayType": 0,
              "skin_data": [
                {
                  "x": 0.0,
                  "y": 0.0,
                  "cX": 1.0,
                  "cY": 1.0,
                  "kX": 0.0,
                  "kY": 0.0
                }
              ]
            }
          ]
        },
        {
          "name": "dieright",
          "parent": "",
          "dI": -1,
          "x": 0.0,
          "y": 7.0,
          "z": 8,
          "cX": 1.0,
          "cY": 1.0,
          "kX": 0.0,
          "kY": 0.0,
          "arrow_x": 0.0,
          "arrow_y": 0.0,
          "effectbyskeleton": false,
          "bl": 0,
          "display_data": [
            {
              "name": "image 13353.png",
              "displayType": 0,
              "skin_data": [
                {
                  "x": 0.0,
                  "y": 0.0,
                  "cX": 1.0,
                  "cY": 1.0,
                  "kX": 0.0,
                  "kY": 0.0
                }
              ]
            },
            {
              "name": "image 13355.png",
              "displayType": 0,
              "skin_data": [
                {
                  "x": 0.0,
                  "y": 0.0,
                  "cX": 1.0,
                  "cY": 1.0,
                  "kX": 0.0,
                  "kY": 0.0
                }
              ]
            },
            {
              "name": "image 13357.png",
              "displayType": 0,
              "skin_data": [
                {
                  "x": 0.0,
                  "y": 0.0,
                  "cX": 1.0,
                  "cY": 1.0,
                  "kX": 0.0,
                  "kY": 0.0
                }
              ]
            },
            {
              "name": "image 13359.png",
              "displayType": 0,
              "skin_data": [
                {
                  "x": 0.0,
                  "y": 0.0,
                  "cX": 1.0,
                  "cY": 1.0,
                  "kX": 0.0,
                  "kY": 0.0
                }
              ]
            },
            {
              "name": "image 13361.png",
              "displayType": 0,
              "skin_data": [
                {
                  "x": 0.0,
                  "y": 0.0,
                  "cX": 1.0,
                  "cY": 1.0,
                  "kX": 0.0,
                  "kY": 0.0
                }
              ]
            },
            {
              "name": "image 13363.png",
              "displayType": 0,
              "skin_data": [
                {
                  "x": 0.0,
                  "y": 0.0,
                  "cX": 1.0,
                  "cY": 1.0,
                  "kX": 0.0,
                  "kY": 0.0
                }
              ]
            },
            {
              "name": "image 13365.png",
              "displayType": 0,
              "skin_data": [
                {
                  "x": 0.0,
                  "y": 0.0,
                  "cX": 1.0,
                  "cY": 1.0,
                  "kX": 0.0,
                  "kY": 0.0
                }
              ]
            }
          ]
        },
        {
          "name": "dieleft",
          "parent": "",
          "dI": -1,
          "x": 0.0,
          "y": 7.0,
          "z": 7,
          "cX": -1.0,
          "cY": 1.0,
          "kX": 0.0,
          "kY": 0.0,
          "arrow_x": 0.0,
          "arrow_y": 0.0,
          "effectbyskeleton": false,
          "bl": 0,
          "display_data": [
            {
              "name": "image 13353.png",
              "displayType": 0,
              "skin_data": [
                {
                  "x": 0.0,
                  "y": 0.0,
                  "cX": 1.0,
                  "cY": 1.0,
                  "kX": 0.0,
                  "kY": 0.0
                }
              ]
            },
            {
              "name": "image 13355.png",
              "displayType": 0,
              "skin_data": [
                {
                  "x": 0.0,
                  "y": 0.0,
                  "cX": 1.0,
                  "cY": 1.0,
                  "kX": 0.0,
                  "kY": 0.0
                }
              ]
            },
            {
              "name": "image 13357.png",
              "displayType": 0,
              "skin_data": [
                {
                  "x": 0.0,
                  "y": 0.0,
                  "cX": 1.0,
                  "cY": 1.0,
                  "kX": 0.0,
                  "kY": 0.0
                }
              ]
            },
            {
              "name": "image 13359.png",
              "displayType": 0,
              "skin_data": [
                {
                  "x": 0.0,
                  "y": 0.0,
                  "cX": 1.0,
                  "cY": 1.0,
                  "kX": 0.0,
                  "kY": 0.0
                }
              ]
            },
            {
              "name": "image 13361.png",
              "displayType": 0,
              "skin_data": [
                {
                  "x": 0.0,
                  "y": 0.0,
                  "cX": 1.0,
                  "cY": 1.0,
                  "kX": 0.0,
                  "kY": 0.0
                }
              ]
            },
            {
              "name": "image 13363.png",
              "displayType": 0,
              "skin_data": [
                {
                  "x": 0.0,
                  "y": 0.0,
                  "cX": 1.0,
                  "cY": 1.0,
                  "kX": 0.0,
                  "kY": 0.0
                }
              ]
            },
            {
              "name": "image 13365.png",
              "displayType": 0,
              "skin_data": [
                {
                  "x": 0.0,
                  "y": 0.0,
                  "cX": 1.0,
                  "cY": 1.0,
                  "kX": 0.0,
                  "kY": 0.0
                }
              ]
            }
          ]
        },
        {
          "name": "attackright",
          "parent": "",
          "dI": -1,
          "x": -3.0,
          "y": 7.0,
          "z": 6,
          "cX": 1.0,
          "cY": 1.0,
          "kX": 0.0,
          "kY": 0.0,
          "arrow_x": 0.0,
          "arrow_y": 0.0,
          "effectbyskeleton": false,
          "bl": 0,
          "display_data": [
            {
              "name": "image 13307.png",
              "displayType": 0,
              "skin_data": [
                {
                  "x": 0.0,
                  "y": 0.0,
                  "cX": 1.0,
                  "cY": 1.0,
                  "kX": 0.0,
                  "kY": 0.0
                }
              ]
            },
            {
              "name": "image 13309.png",
              "displayType": 0,
              "skin_data": [
                {
                  "x": 0.0,
                  "y": 0.0,
                  "cX": 1.0,
                  "cY": 1.0,
                  "kX": 0.0,
                  "kY": 0.0
                }
              ]
            },
            {
              "name": "image 13311.png",
              "displayType": 0,
              "skin_data": [
                {
                  "x": 0.0,
                  "y": 0.0,
                  "cX": 1.0,
                  "cY": 1.0,
                  "kX": 0.0,
                  "kY": 0.0
                }
              ]
            }
          ]
        },
        {
          "name": "attackleft",
          "parent": "",
          "dI": -1,
          "x": 3.0,
          "y": 7.0,
          "z": 5,
          "cX": -1.0,
          "cY": 1.0,
          "kX": 0.0,
          "kY": 0.0,
          "arrow_x": 0.0,
          "arrow_y": 0.0,
          "effectbyskeleton": false,
          "bl": 0,
          "display_data": [
            {
              "name": "image 13307.png",
              "displayType": 0,
              "skin_data": [
                {
                  "x": 0.0,
                  "y": 0.0,
                  "cX": 1.0,
                  "cY": 1.0,
                  "kX": 0.0,
                  "kY": 0.0
                }
              ]
            },
            {
              "name": "image 13309.png",
              "displayType": 0,
              "skin_data": [
                {
                  "x": 0.0,
                  "y": 0.0,
                  "cX": 1.0,
                  "cY": 1.0,
                  "kX": 0.0,
                  "kY": 0.0
                }
              ]
            },
            {
              "name": "image 13311.png",
              "displayType": 0,
              "skin_data": [
                {
                  "x": 0.0,
                  "y": 0.0,
                  "cX": 1.0,
                  "cY": 1.0,
                  "kX": 0.0,
                  "kY": 0.0
                }
              ]
            }
          ]
        },
        {
          "name": "movedown",
          "parent": "",
          "dI": -1,
          "x": -3.0,
          "y": 8.0,
          "z": 4,
          "cX": 1.0,
          "cY": 1.0,
          "kX": 0.0,
          "kY": 0.0,
          "arrow_x": 0.0,
          "arrow_y": 0.0,
          "effectbyskeleton": false,
          "bl": 0,
          "display_data": [
            {
              "name": "image 13285.png",
              "displayType": 0,
              "skin_data": [
                {
                  "x": 0.0,
                  "y": 0.0,
                  "cX": 1.0,
                  "cY": 1.0,
                  "kX": 0.0,
                  "kY": 0.0
                }
              ]
            },
            {
              "name": "image 13287.png",
              "displayType": 0,
              "skin_data": [
                {
                  "x": 0.0,
                  "y": 0.0,
                  "cX": 1.0,
                  "cY": 1.0,
                  "kX": 0.0,
                  "kY": 0.0
                }
              ]
            },
            {
              "name": "image 13289.png",
              "displayType": 0,
              "skin_data": [
                {
                  "x": 0.0,
                  "y": 0.0,
                  "cX": 1.0,
                  "cY": 1.0,
                  "kX": 0.0,
                  "kY": 0.0
                }
              ]
            },
            {
              "name": "image 13291.png",
              "displayType": 0,
              "skin_data": [
                {
                  "x": 0.0,
                  "y": 0.0,
                  "cX": 1.0,
                  "cY": 1.0,
                  "kX": 0.0,
                  "kY": 0.0
                }
              ]
            },
            {
              "name": "image 13293.png",
              "displayType": 0,
              "skin_data": [
                {
                  "x": 0.0,
                  "y": 0.0,
                  "cX": 1.0,
                  "cY": 1.0,
                  "kX": 0.0,
                  "kY": 0.0
                }
              ]
            },
            {
              "name": "image 13295.png",
              "displayType": 0,
              "skin_data": [
                {
                  "x": 0.0,
                  "y": 0.0,
                  "cX": 1.0,
                  "cY": 1.0,
                  "kX": 0.0,
                  "kY": 0.0
                }
              ]
            },
            {
              "name": "image 13297.png",
              "displayType": 0,
              "skin_data": [
                {
                  "x": 0.0,
                  "y": 0.0,
                  "cX": 1.0,
                  "cY": 1.0,
                  "kX": 0.0,
                  "kY": 0.0
                }
              ]
            },
            {
              "name": "image 13299.png",
              "displayType": 0,
              "skin_data": [
                {
                  "x": 0.0,
                  "y": 0.0,
                  "cX": 1.0,
                  "cY": 1.0,
                  "kX": 0.0,
                  "kY": 0.0
                }
              ]
            },
            {
              "name": "image 13301.png",
              "displayType": 0,
              "skin_data": [
                {
                  "x": 0.0,
                  "y": 0.0,
                  "cX": 1.0,
                  "cY": 1.0,
                  "kX": 0.0,
                  "kY": 0.0
                }
              ]
            },
            {
              "name": "image 13303.png",
              "displayType": 0,
              "skin_data": [
                {
                  "x": 0.0,
                  "y": 0.0,
                  "cX": 1.0,
                  "cY": 1.0,
                  "kX": 0.0,
                  "kY": 0.0
                }
              ]
            },
            {
              "name": "image 13305.png",
              "displayType": 0,
              "skin_data": [
                {
                  "x": 0.0,
                  "y": 0.0,
                  "cX": 1.0,
                  "cY": 1.0,
                  "kX": 0.0,
                  "kY": 0.0
                }
              ]
            },
            {
              "name": "image 13283.png",
              "displayType": 0,
              "skin_data": [
                {
                  "x": 0.0,
                  "y": 0.0,
                  "cX": 1.0,
                  "cY": 1.0,
                  "kX": 0.0,
                  "kY": 0.0
                }
              ]
            }
          ]
        },
        {
          "name": "moveup",
          "parent": "",
          "dI": -1,
          "x": -3.0,
          "y": 8.0,
          "z": 3,
          "cX": 1.0,
          "cY": 1.0,
          "kX": 0.0,
          "kY": 0.0,
          "arrow_x": 0.0,
          "arrow_y": 0.0,
          "effectbyskeleton": false,
          "bl": 0,
          "display_data": [
            {
              "name": "image 13259.png",
              "displayType": 0,
              "skin_data": [
                {
                  "x": 0.0,
                  "y": 0.0,
                  "cX": 1.0,
                  "cY": 1.0,
                  "kX": 0.0,
                  "kY": 0.0
                }
              ]
            },
            {
              "name": "image 13261.png",
              "displayType": 0,
              "skin_data": [
                {
                  "x": 0.0,
                  "y": 0.0,
                  "cX": 1.0,
                  "cY": 1.0,
                  "kX": 0.0,
                  "kY": 0.0
                }
              ]
            },
            {
              "name": "image 13263.png",
              "displayType": 0,
              "skin_data": [
                {
                  "x": 0.0,
                  "y": 0.0,
                  "cX": 1.0,
                  "cY": 1.0,
                  "kX": 0.0,
                  "kY": 0.0
                }
              ]
            },
            {
              "name": "image 13265.png",
              "displayType": 0,
              "skin_data": [
                {
                  "x": 0.0,
                  "y": 0.0,
                  "cX": 1.0,
                  "cY": 1.0,
                  "kX": 0.0,
                  "kY": 0.0
                }
              ]
            },
            {
              "name": "image 13267.png",
              "displayType": 0,
              "skin_data": [
                {
                  "x": 0.0,
                  "y": 0.0,
                  "cX": 1.0,
                  "cY": 1.0,
                  "kX": 0.0,
                  "kY": 0.0
                }
              ]
            },
            {
              "name": "image 13269.png",
              "displayType": 0,
              "skin_data": [
                {
                  "x": 0.0,
                  "y": 0.0,
                  "cX": 1.0,
                  "cY": 1.0,
                  "kX": 0.0,
                  "kY": 0.0
                }
              ]
            },
            {
              "name": "image 13271.png",
              "displayType": 0,
              "skin_data": [
                {
                  "x": 0.0,
                  "y": 0.0,
                  "cX": 1.0,
                  "cY": 1.0,
                  "kX": 0.0,
                  "kY": 0.0
                }
              ]
            },
            {
              "name": "image 13273.png",
              "displayType": 0,
              "skin_data": [
                {
                  "x": 0.0,
                  "y": 0.0,
                  "cX": 1.0,
                  "cY": 1.0,
                  "kX": 0.0,
                  "kY": 0.0
                }
              ]
            },
            {
              "name": "image 13275.png",
              "displayType": 0,
              "skin_data": [
                {
                  "x": 0.0,
                  "y": 0.0,
                  "cX": 1.0,
                  "cY": 1.0,
                  "kX": 0.0,
                  "kY": 0.0
                }
              ]
            },
            {
              "name": "image 13277.png",
              "displayType": 0,
              "skin_data": [
                {
                  "x": 0.0,
                  "y": 0.0,
                  "cX": 1.0,
                  "cY": 1.0,
                  "kX": 0.0,
                  "kY": 0.0
                }
              ]
            },
            {
              "name": "image 13279.png",
              "displayType": 0,
              "skin_data": [
                {
                  "x": 0.0,
                  "y": 0.0,
                  "cX": 1.0,
                  "cY": 1.0,
                  "kX": 0.0,
                  "kY": 0.0
                }
              ]
            },
            {
              "name": "image 13281.png",
              "displayType": 0,
              "skin_data": [
                {
                  "x": 0.0,
                  "y": 0.0,
                  "cX": 1.0,
                  "cY": 1.0,
                  "kX": 0.0,
                  "kY": 0.0
                }
              ]
            }
          ]
        },
        {
          "name": "moveleft",
          "parent": "",
          "dI": 0,
          "x": 2.0,
          "y": 7.0,
          "z": 2,
          "cX": -1.0,
          "cY": 1.0,
          "kX": 0.0,
          "kY": 0.0,
          "arrow_x": 0.0,
          "arrow_y": 0.0,
          "effectbyskeleton": false,
          "bl": 0,
          "display_data": [
            {
              "name": "image 13235.png",
              "displayType": 0,
              "skin_data": [
                {
                  "x": 0.0,
                  "y": 0.0,
                  "cX": 1.0,
                  "cY": 1.0,
                  "kX": 0.0,
                  "kY": 0.0
                }
              ]
            },
            {
              "name": "image 13237.png",
              "displayType": 0,
              "skin_data": [
                {
                  "x": 0.0,
                  "y": 0.0,
                  "cX": 1.0,
                  "cY": 1.0,
                  "kX": 0.0,
                  "kY": 0.0
                }
              ]
            },
            {
              "name": "image 13239.png",
              "displayType": 0,
              "skin_data": [
                {
                  "x": 0.0,
                  "y": 0.0,
                  "cX": 1.0,
                  "cY": 1.0,
                  "kX": 0.0,
                  "kY": 0.0
                }
              ]
            },
            {
              "name": "image 13241.png",
              "displayType": 0,
              "skin_data": [
                {
                  "x": 0.0,
                  "y": 0.0,
                  "cX": 1.0,
                  "cY": 1.0,
                  "kX": 0.0,
                  "kY": 0.0
                }
              ]
            },
            {
              "name": "image 13243.png",
              "displayType": 0,
              "skin_data": [
                {
                  "x": 0.0,
                  "y": 0.0,
                  "cX": 1.0,
                  "cY": 1.0,
                  "kX": 0.0,
                  "kY": 0.0
                }
              ]
            },
            {
              "name": "image 13245.png",
              "displayType": 0,
              "skin_data": [
                {
                  "x": 0.0,
                  "y": 0.0,
                  "cX": 1.0,
                  "cY": 1.0,
                  "kX": 0.0,
                  "kY": 0.0
                }
              ]
            },
            {
              "name": "image 13247.png",
              "displayType": 0,
              "skin_data": [
                {
                  "x": 0.0,
                  "y": 0.0,
                  "cX": 1.0,
                  "cY": 1.0,
                  "kX": 0.0,
                  "kY": 0.0
                }
              ]
            },
            {
              "name": "image 13249.png",
              "displayType": 0,
              "skin_data": [
                {
                  "x": 0.0,
                  "y": 0.0,
                  "cX": 1.0,
                  "cY": 1.0,
                  "kX": 0.0,
                  "kY": 0.0
                }
              ]
            },
            {
              "name": "image 13251.png",
              "displayType": 0,
              "skin_data": [
                {
                  "x": 0.0,
                  "y": 0.0,
                  "cX": 1.0,
                  "cY": 1.0,
                  "kX": 0.0,
                  "kY": 0.0
                }
              ]
            },
            {
              "name": "image 13253.png",
              "displayType": 0,
              "skin_data": [
                {
                  "x": 0.0,
                  "y": 0.0,
                  "cX": 1.0,
                  "cY": 1.0,
                  "kX": 0.0,
                  "kY": 0.0
                }
              ]
            },
            {
              "name": "image 13255.png",
              "displayType": 0,
              "skin_data": [
                {
                  "x": 0.0,
                  "y": 0.0,
                  "cX": 1.0,
                  "cY": 1.0,
                  "kX": 0.0,
                  "kY": 0.0
                }
              ]
            },
            {
              "name": "image 13257.png",
              "displayType": 0,
              "skin_data": [
                {
                  "x": 0.0,
                  "y": 0.0,
                  "cX": 1.0,
                  "cY": 1.0,
                  "kX": 0.0,
                  "kY": 0.0
                }
              ]
            }
          ]
        },
        {
          "name": "moveright",
          "parent": "",
          "dI": -1,
          "x": -2.0,
          "y": 7.0,
          "z": 1,
          "cX": 1.0,
          "cY": 1.0,
          "kX": 0.0,
          "kY": 0.0,
          "arrow_x": 0.0,
          "arrow_y": 0.0,
          "effectbyskeleton": false,
          "bl": 0,
          "display_data": [
            {
              "name": "image 13235.png",
              "displayType": 0,
              "skin_data": [
                {
                  "x": 0.0,
                  "y": 0.0,
                  "cX": 1.0,
                  "cY": 1.0,
                  "kX": 0.0,
                  "kY": 0.0
                }
              ]
            },
            {
              "name": "image 13237.png",
              "displayType": 0,
              "skin_data": [
                {
                  "x": 0.0,
                  "y": 0.0,
                  "cX": 1.0,
                  "cY": 1.0,
                  "kX": 0.0,
                  "kY": 0.0
                }
              ]
            },
            {
              "name": "image 13239.png",
              "displayType": 0,
              "skin_data": [
                {
                  "x": 0.0,
                  "y": 0.0,
                  "cX": 1.0,
                  "cY": 1.0,
                  "kX": 0.0,
                  "kY": 0.0
                }
              ]
            },
            {
              "name": "image 13241.png",
              "displayType": 0,
              "skin_data": [
                {
                  "x": 0.0,
                  "y": 0.0,
                  "cX": 1.0,
                  "cY": 1.0,
                  "kX": 0.0,
                  "kY": 0.0
                }
              ]
            },
            {
              "name": "image 13243.png",
              "displayType": 0,
              "skin_data": [
                {
                  "x": 0.0,
                  "y": 0.0,
                  "cX": 1.0,
                  "cY": 1.0,
                  "kX": 0.0,
                  "kY": 0.0
                }
              ]
            },
            {
              "name": "image 13245.png",
              "displayType": 0,
              "skin_data": [
                {
                  "x": 0.0,
                  "y": 0.0,
                  "cX": 1.0,
                  "cY": 1.0,
                  "kX": 0.0,
                  "kY": 0.0
                }
              ]
            },
            {
              "name": "image 13247.png",
              "displayType": 0,
              "skin_data": [
                {
                  "x": 0.0,
                  "y": 0.0,
                  "cX": 1.0,
                  "cY": 1.0,
                  "kX": 0.0,
                  "kY": 0.0
                }
              ]
            },
            {
              "name": "image 13249.png",
              "displayType": 0,
              "skin_data": [
                {
                  "x": 0.0,
                  "y": 0.0,
                  "cX": 1.0,
                  "cY": 1.0,
                  "kX": 0.0,
                  "kY": 0.0
                }
              ]
            },
            {
              "name": "image 13251.png",
              "displayType": 0,
              "skin_data": [
                {
                  "x": 0.0,
                  "y": 0.0,
                  "cX": 1.0,
                  "cY": 1.0,
                  "kX": 0.0,
                  "kY": 0.0
                }
              ]
            },
            {
              "name": "image 13253.png",
              "displayType": 0,
              "skin_data": [
                {
                  "x": 0.0,
                  "y": 0.0,
                  "cX": 1.0,
                  "cY": 1.0,
                  "kX": 0.0,
                  "kY": 0.0
                }
              ]
            },
            {
              "name": "image 13255.png",
              "displayType": 0,
              "skin_data": [
                {
                  "x": 0.0,
                  "y": 0.0,
                  "cX": 1.0,
                  "cY": 1.0,
                  "kX": 0.0,
                  "kY": 0.0
                }
              ]
            },
            {
              "name": "image 13257.png",
              "displayType": 0,
              "skin_data": [
                {
                  "x": 0.0,
                  "y": 0.0,
                  "cX": 1.0,
                  "cY": 1.0,
                  "kX": 0.0,
                  "kY": 0.0
                }
              ]
            }
          ]
        }
      ]
    }
  ],
  "animation_data": [
    {
      "name": "ShadowArcher",
      "mov_data": [
        {
          "name": "move_right",
          "dr": 12,
          "lp": true,
          "to": 0,
          "drTW": 0,
          "twE": 0,
          "sc": 0.25,
          "mov_bone_data": [
            {
              "name": "moveright",
              "dl": 0.0,
              "frame_data": [
                {
                  "dI": 0,
                  "x": 0.0,
                  "y": 0.0,
                  "z": 0,
                  "cX": 1.0,
                  "cY": 1.0,
                  "kX": 0.0,
                  "kY": 0.0,
                  "fi": 0,
                  "twE": 0,
                  "tweenFrame": true,
                  "bd_src": 1,
                  "bd_dst": 771
                },
                {
                  "dI": 1,
                  "x": 0.0,
                  "y": 0.0,
                  "z": 0,
                  "cX": 1.0,
                  "cY": 1.0,
                  "kX": 0.0,
                  "kY": 0.0,
                  "fi": 1,
                  "twE": 0,
                  "tweenFrame": true,
                  "bd_src": 1,
                  "bd_dst": 771
                },
                {
                  "dI": 2,
                  "x": 0.0,
                  "y": 0.0,
                  "z": 0,
                  "cX": 1.0,
                  "cY": 1.0,
                  "kX": 0.0,
                  "kY": 0.0,
                  "fi": 2,
                  "twE": 0,
                  "tweenFrame": true,
                  "bd_src": 1,
                  "bd_dst": 771
                },
                {
                  "dI": 3,
                  "x": 0.0,
                  "y": 0.0,
                  "z": 0,
                  "cX": 1.0,
                  "cY": 1.0,
                  "kX": 0.0,
                  "kY": 0.0,
                  "fi": 3,
                  "twE": 0,
                  "tweenFrame": true,
                  "bd_src": 1,
                  "bd_dst": 771
                },
                {
                  "dI": 4,
                  "x": 0.0,
                  "y": 0.0,
                  "z": 0,
                  "cX": 1.0,
                  "cY": 1.0,
                  "kX": 0.0,
                  "kY": 0.0,
                  "fi": 4,
                  "twE": 0,
                  "tweenFrame": true,
                  "bd_src": 1,
                  "bd_dst": 771
                },
                {
                  "dI": 5,
                  "x": 0.0,
                  "y": 0.0,
                  "z": 0,
                  "cX": 1.0,
                  "cY": 1.0,
                  "kX": 0.0,
                  "kY": 0.0,
                  "fi": 5,
                  "twE": 0,
                  "tweenFrame": true,
                  "bd_src": 1,
                  "bd_dst": 771
                },
                {
                  "dI": 6,
                  "x": 0.0,
                  "y": 0.0,
                  "z": 0,
                  "cX": 1.0,
                  "cY": 1.0,
                  "kX": 0.0,
                  "kY": 0.0,
                  "fi": 6,
                  "twE": 0,
                  "tweenFrame": true,
                  "bd_src": 1,
                  "bd_dst": 771
                },
                {
                  "dI": 7,
                  "x": 0.0,
                  "y": 0.0,
                  "z": 0,
                  "cX": 1.0,
                  "cY": 1.0,
                  "kX": 0.0,
                  "kY": 0.0,
                  "fi": 7,
                  "twE": 0,
                  "tweenFrame": true,
                  "bd_src": 1,
                  "bd_dst": 771
                },
                {
                  "dI": 8,
                  "x": 0.0,
                  "y": 0.0,
                  "z": 0,
                  "cX": 1.0,
                  "cY": 1.0,
                  "kX": 0.0,
                  "kY": 0.0,
                  "fi": 8,
                  "twE": 0,
                  "tweenFrame": true,
                  "bd_src": 1,
                  "bd_dst": 771
                },
                {
                  "dI": 9,
                  "x": 0.0,
                  "y": 0.0,
                  "z": 0,
                  "cX": 1.0,
                  "cY": 1.0,
                  "kX": 0.0,
                  "kY": 0.0,
                  "fi": 9,
                  "twE": 0,
                  "tweenFrame": true,
                  "bd_src": 1,
                  "bd_dst": 771
                },
                {
                  "dI": 10,
                  "x": 0.0,
                  "y": 0.0,
                  "z": 0,
                  "cX": 1.0,
                  "cY": 1.0,
                  "kX": 0.0,
                  "kY": 0.0,
                  "fi": 10,
                  "twE": 0,
                  "tweenFrame": true,
                  "bd_src": 1,
                  "bd_dst": 771
                },
                {
                  "dI": 11,
                  "x": 0.0,
                  "y": 0.0,
                  "z": 0,
                  "cX": 1.0,
                  "cY": 1.0,
                  "kX": 0.0,
                  "kY": 0.0,
                  "fi": 11,
                  "twE": 0,
                  "tweenFrame": true,
                  "bd_src": 1,
                  "bd_dst": 771
                }
              ]
            }
          ]
        },
        {
          "name": "move_left",
          "dr": 12,
          "lp": true,
          "to": 0,
          "drTW": 0,
          "twE": 0,
          "sc": 0.25,
          "mov_bone_data": [
            {
              "name": "moveleft",
              "dl": 0.0,
              "frame_data": [
                {
                  "dI": 0,
                  "x": 0.0,
                  "y": 0.0,
                  "z": 0,
                  "cX": 1.0,
                  "cY": 1.0,
                  "kX": 0.0,
                  "kY": 0.0,
                  "fi": 0,
                  "twE": 0,
                  "tweenFrame": true,
                  "bd_src": 1,
                  "bd_dst": 771
                },
                {
                  "dI": 1,
                  "x": 0.0,
                  "y": 0.0,
                  "z": 0,
                  "cX": 1.0,
                  "cY": 1.0,
                  "kX": 0.0,
                  "kY": 0.0,
                  "fi": 1,
                  "twE": 0,
                  "tweenFrame": true,
                  "bd_src": 1,
                  "bd_dst": 771
                },
                {
                  "dI": 2,
                  "x": 0.0,
                  "y": 0.0,
                  "z": 0,
                  "cX": 1.0,
                  "cY": 1.0,
                  "kX": 0.0,
                  "kY": 0.0,
                  "fi": 2,
                  "twE": 0,
                  "tweenFrame": true,
                  "bd_src": 1,
                  "bd_dst": 771
                },
                {
                  "dI": 3,
                  "x": 0.0,
                  "y": 0.0,
                  "z": 0,
                  "cX": 1.0,
                  "cY": 1.0,
                  "kX": 0.0,
                  "kY": 0.0,
                  "fi": 3,
                  "twE": 0,
                  "tweenFrame": true,
                  "bd_src": 1,
                  "bd_dst": 771
                },
                {
                  "dI": 4,
                  "x": 0.0,
                  "y": 0.0,
                  "z": 0,
                  "cX": 1.0,
                  "cY": 1.0,
                  "kX": 0.0,
                  "kY": 0.0,
                  "fi": 4,
                  "twE": 0,
                  "tweenFrame": true,
                  "bd_src": 1,
                  "bd_dst": 771
                },
                {
                  "dI": 5,
                  "x": 0.0,
                  "y": 0.0,
                  "z": 0,
                  "cX": 1.0,
                  "cY": 1.0,
                  "kX": 0.0,
                  "kY": 0.0,
                  "fi": 5,
                  "twE": 0,
                  "tweenFrame": true,
                  "bd_src": 1,
                  "bd_dst": 771
                },
                {
                  "dI": 6,
                  "x": 0.0,
                  "y": 0.0,
                  "z": 0,
                  "cX": 1.0,
                  "cY": 1.0,
                  "kX": 0.0,
                  "kY": 0.0,
                  "fi": 6,
                  "twE": 0,
                  "tweenFrame": true,
                  "bd_src": 1,
                  "bd_dst": 771
                },
                {
                  "dI": 7,
                  "x": 0.0,
                  "y": 0.0,
                  "z": 0,
                  "cX": 1.0,
                  "cY": 1.0,
                  "kX": 0.0,
                  "kY": 0.0,
                  "fi": 7,
                  "twE": 0,
                  "tweenFrame": true,
                  "bd_src": 1,
                  "bd_dst": 771
                },
                {
                  "dI": 8,
                  "x": 0.0,
                  "y": 0.0,
                  "z": 0,
                  "cX": 1.0,
                  "cY": 1.0,
                  "kX": 0.0,
                  "kY": 0.0,
                  "fi": 8,
                  "twE": 0,
                  "tweenFrame": true,
                  "bd_src": 1,
                  "bd_dst": 771
                },
                {
                  "dI": 9,
                  "x": 0.0,
                  "y": 0.0,
                  "z": 0,
                  "cX": 1.0,
                  "cY": 1.0,
                  "kX": 0.0,
                  "kY": 0.0,
                  "fi": 9,
                  "twE": 0,
                  "tweenFrame": true,
                  "bd_src": 1,
                  "bd_dst": 771
                },
                {
                  "dI": 10,
                  "x": 0.0,
                  "y": 0.0,
                  "z": 0,
                  "cX": 1.0,
                  "cY": 1.0,
                  "kX": 0.0,
                  "kY": 0.0,
                  "fi": 10,
                  "twE": 0,
                  "tweenFrame": true,
                  "bd_src": 1,
                  "bd_dst": 771
                },
                {
                  "dI": 11,
                  "x": 0.0,
                  "y": 0.0,
                  "z": 0,
                  "cX": 1.0,
                  "cY": 1.0,
                  "kX": 0.0,
                  "kY": 0.0,
                  "fi": 11,
                  "twE": 0,
                  "tweenFrame": true,
                  "bd_src": 1,
                  "bd_dst": 771
                }
              ]
            }
          ]
        },
        {
          "name": "attack_right",
          "dr": 14,
          "lp": true,
          "to": 0,
          "drTW": 0,
          "twE": 0,
          "sc": 0.166666672,
          "mov_bone_data": [
            {
              "name": "attackright",
              "dl": 0.0,
              "frame_data": [
                {
                  "dI": 0,
                  "x": 0.0,
                  "y": 0.0,
                  "z": 0,
                  "cX": 1.0,
                  "cY": 1.0,
                  "kX": 0.0,
                  "kY": 0.0,
                  "fi": 0,
                  "twE": 0,
                  "tweenFrame": true,
                  "bd_src": 1,
                  "bd_dst": 771
                },
                {
                  "dI": 1,
                  "x": 0.0,
                  "y": 0.0,
                  "z": 0,
                  "cX": 1.0,
                  "cY": 1.0,
                  "kX": 0.0,
                  "kY": 0.0,
                  "fi": 1,
                  "twE": 0,
                  "tweenFrame": true,
                  "bd_src": 1,
                  "bd_dst": 771
                },
                {
                  "dI": 2,
                  "x": 0.0,
                  "y": 0.0,
                  "z": 0,
                  "cX": 1.0,
                  "cY": 1.0,
                  "kX": 0.0,
                  "kY": 0.0,
                  "fi": 2,
                  "twE": 0,
                  "tweenFrame": true,
                  "evt": "attack",
                  "bd_src": 1,
                  "bd_dst": 771
                },
                {
                  "dI": 1,
                  "x": 0.0,
                  "y": 0.0,
                  "z": 0,
                  "cX": 1.0,
                  "cY": 1.0,
                  "kX": 0.0,
                  "kY": 0.0,
                  "fi": 3,
                  "twE": 0,
                  "tweenFrame": true,
                  "bd_src": 1,
                  "bd_dst": 771
                },
                {
                  "dI": 0,
                  "x": 0.0,
                  "y": 0.0,
                  "z": 0,
                  "cX": 1.0,
                  "cY": 1.0,
                  "kX": 0.0,
                  "kY": 0.0,
                  "fi": 4,
                  "twE": 0,
                  "tweenFrame": true,
                  "bd_src": 1,
                  "bd_dst": 771
                },
                {
                  "dI": 0,
                  "x": 0.0,
                  "y": 0.0,
                  "z": 0,
                  "cX": 1.0,
                  "cY": 1.0,
                  "kX": 0.0,
                  "kY": 0.0,
                  "fi": 13,
                  "twE": 0,
                  "tweenFrame": true,
                  "bd_src": 1,
                  "bd_dst": 771
                }
              ]
            }
          ]
        },
        {
          "name": "attack_left",
          "dr": 13,
          "lp": true,
          "to": 0,
          "drTW": 0,
          "twE": 0,
          "sc": 0.166666672,
          "mov_bone_data": [
            {
              "name": "attackleft",
              "dl": 0.0,
              "frame_data": [
                {
                  "dI": 0,
                  "x": 0.0,
                  "y": 0.0,
                  "z": 0,
                  "cX": 1.0,
                  "cY": 1.0,
                  "kX": 0.0,
                  "kY": 0.0,
                  "fi": 0,
                  "twE": 0,
                  "tweenFrame": true,
                  "bd_src": 1,
                  "bd_dst": 771
                },
                {
                  "dI": 1,
                  "x": 0.0,
                  "y": 0.0,
                  "z": 0,
                  "cX": 1.0,
                  "cY": 1.0,
                  "kX": 0.0,
                  "kY": 0.0,
                  "fi": 1,
                  "twE": 0,
                  "tweenFrame": true,
                  "bd_src": 1,
                  "bd_dst": 771
                },
                {
                  "dI": 2,
                  "x": 0.0,
                  "y": 0.0,
                  "z": 0,
                  "cX": 1.0,
                  "cY": 1.0,
                  "kX": 0.0,
                  "kY": 0.0,
                  "fi": 2,
                  "twE": 0,
                  "tweenFrame": true,
                  "evt": "attack",
                  "bd_src": 1,
                  "bd_dst": 771
                },
                {
                  "dI": 1,
                  "x": 0.0,
                  "y": 0.0,
                  "z": 0,
                  "cX": 1.0,
                  "cY": 1.0,
                  "kX": 0.0,
                  "kY": 0.0,
                  "fi": 3,
                  "twE": 0,
                  "tweenFrame": true,
                  "bd_src": 1,
                  "bd_dst": 771
                },
                {
                  "dI": 0,
                  "x": 0.0,
                  "y": 0.0,
                  "z": 0,
                  "cX": 1.0,
                  "cY": 1.0,
                  "kX": 0.0,
                  "kY": 0.0,
                  "fi": 4,
                  "twE": 0,
                  "tweenFrame": true,
                  "bd_src": 1,
                  "bd_dst": 771
                },
                {
                  "dI": 0,
                  "x": 0.0,
                  "y": 0.0,
                  "z": 0,
                  "cX": 1.0,
                  "cY": 1.0,
                  "kX": 0.0,
                  "kY": 0.0,
                  "fi": 12,
                  "twE": 0,
                  "tweenFrame": true,
                  "bd_src": 1,
                  "bd_dst": 771
                }
              ]
            }
          ]
        },
        {
          "name": "die_right",
          "dr": 7,
          "lp": false,
          "to": 0,
          "drTW": 0,
          "twE": 0,
          "sc": 0.25,
          "mov_bone_data": [
            {
              "name": "dieright",
              "dl": 0.0,
              "frame_data": [
                {
                  "dI": 0,
                  "x": 0.0,
                  "y": 0.0,
                  "z": 0,
                  "cX": 1.0,
                  "cY": 1.0,
                  "kX": 0.0,
                  "kY": 0.0,
                  "fi": 0,
                  "twE": 0,
                  "tweenFrame": true,
                  "bd_src": 1,
                  "bd_dst": 771
                },
                {
                  "dI": 1,
                  "x": 0.0,
                  "y": 0.0,
                  "z": 0,
                  "cX": 1.0,
                  "cY": 1.0,
                  "kX": 0.0,
                  "kY": 0.0,
                  "fi": 1,
                  "twE": 0,
                  "tweenFrame": true,
                  "bd_src": 1,
                  "bd_dst": 771
                },
                {
                  "dI": 2,
                  "x": 0.0,
                  "y": 0.0,
                  "z": 0,
                  "cX": 1.0,
                  "cY": 1.0,
                  "kX": 0.0,
                  "kY": 0.0,
                  "fi": 2,
                  "twE": 0,
                  "tweenFrame": true,
                  "bd_src": 1,
                  "bd_dst": 771
                },
                {
                  "dI": 3,
                  "x": 0.0,
                  "y": 0.0,
                  "z": 0,
                  "cX": 1.0,
                  "cY": 1.0,
                  "kX": 0.0,
                  "kY": 0.0,
                  "fi": 3,
                  "twE": 0,
                  "tweenFrame": true,
                  "bd_src": 1,
                  "bd_dst": 771
                },
                {
                  "dI": 4,
                  "x": 0.0,
                  "y": 0.0,
                  "z": 0,
                  "cX": 1.0,
                  "cY": 1.0,
                  "kX": 0.0,
                  "kY": 0.0,
                  "fi": 4,
                  "twE": 0,
                  "tweenFrame": true,
                  "bd_src": 1,
                  "bd_dst": 771
                },
                {
                  "dI": 5,
                  "x": 0.0,
                  "y": 0.0,
                  "z": 0,
                  "cX": 1.0,
                  "cY": 1.0,
                  "kX": 0.0,
                  "kY": 0.0,
                  "fi": 5,
                  "twE": 0,
                  "tweenFrame": true,
                  "bd_src": 1,
                  "bd_dst": 771
                },
                {
                  "dI": 6,
                  "x": 0.0,
                  "y": 0.0,
                  "z": 0,
                  "cX": 1.0,
                  "cY": 1.0,
                  "kX": 0.0,
                  "kY": 0.0,
                  "fi": 6,
                  "twE": 0,
                  "tweenFrame": true,
                  "bd_src": 1,
                  "bd_dst": 771
                }
              ]
            }
          ]
        },
        {
          "name": "die_left",
          "dr": 7,
          "lp": false,
          "to": 0,
          "drTW": 0,
          "twE": 0,
          "sc": 0.25,
          "mov_bone_data": [
            {
              "name": "dieleft",
              "dl": 0.0,
              "frame_data": [
                {
                  "dI": 0,
                  "x": 0.0,
                  "y": 0.0,
                  "z": 0,
                  "cX": 1.0,
                  "cY": 1.0,
                  "kX": 0.0,
                  "kY": 0.0,
                  "fi": 0,
                  "twE": 0,
                  "tweenFrame": true,
                  "bd_src": 1,
                  "bd_dst": 771
                },
                {
                  "dI": 1,
                  "x": 0.0,
                  "y": 0.0,
                  "z": 0,
                  "cX": 1.0,
                  "cY": 1.0,
                  "kX": 0.0,
                  "kY": 0.0,
                  "fi": 1,
                  "twE": 0,
                  "tweenFrame": true,
                  "bd_src": 1,
                  "bd_dst": 771
                },
                {
                  "dI": 2,
                  "x": 0.0,
                  "y": 0.0,
                  "z": 0,
                  "cX": 1.0,
                  "cY": 1.0,
                  "kX": 0.0,
                  "kY": 0.0,
                  "fi": 2,
                  "twE": 0,
                  "tweenFrame": true,
                  "bd_src": 1,
                  "bd_dst": 771
                },
                {
                  "dI": 3,
                  "x": 0.0,
                  "y": 0.0,
                  "z": 0,
                  "cX": 1.0,
                  "cY": 1.0,
                  "kX": 0.0,
                  "kY": 0.0,
                  "fi": 3,
                  "twE": 0,
                  "tweenFrame": true,
                  "bd_src": 1,
                  "bd_dst": 771
                },
                {
                  "dI": 4,
                  "x": 0.0,
                  "y": 0.0,
                  "z": 0,
                  "cX": 1.0,
                  "cY": 1.0,
                  "kX": 0.0,
                  "kY": 0.0,
                  "fi": 4,
                  "twE": 0,
                  "tweenFrame": true,
                  "bd_src": 1,
                  "bd_dst": 771
                },
                {
                  "dI": 5,
                  "x": 0.0,
                  "y": 0.0,
                  "z": 0,
                  "cX": 1.0,
                  "cY": 1.0,
                  "kX": 0.0,
                  "kY": 0.0,
                  "fi": 5,
                  "twE": 0,
                  "tweenFrame": true,
                  "bd_src": 1,
                  "bd_dst": 771
                },
                {
                  "dI": 6,
                  "x": 0.0,
                  "y": 0.0,
                  "z": 0,
                  "cX": 1.0,
                  "cY": 1.0,
                  "kX": 0.0,
                  "kY": 0.0,
                  "fi": 6,
                  "twE": 0,
                  "tweenFrame": true,
                  "bd_src": 1,
                  "bd_dst": 771
                }
              ]
            }
          ]
        },
        {
          "name": "idle_right",
          "dr": 1,
          "lp": true,
          "to": 0,
          "drTW": 0,
          "twE": 0,
          "sc": 0.0166666675,
          "mov_bone_data": [
            {
              "name": "idleright",
              "dl": 0.0,
              "frame_data": [
                {
                  "dI": 0,
                  "x": 0.0,
                  "y": 0.0,
                  "z": 0,
                  "cX": 1.0,
                  "cY": 1.0,
                  "kX": 0.0,
                  "kY": 0.0,
                  "fi": 0,
                  "twE": 0,
                  "tweenFrame": true,
                  "bd_src": 1,
                  "bd_dst": 771
                }
              ]
            }
          ]
        },
        {
          "name": "idle_left",
          "dr": 1,
          "lp": true,
          "to": 0,
          "drTW": 0,
          "twE": 0,
          "sc": 0.0166666675,
          "mov_bone_data": [
            {
              "name": "idleleft",
              "dl": 0.0,
              "frame_data": [
                {
                  "dI": 0,
                  "x": 0.0,
                  "y": 0.0,
                  "z": 0,
                  "cX": 1.0,
                  "cY": 1.0,
                  "kX": 0.0,
                  "kY": 0.0,
                  "fi": 0,
                  "twE": 0,
                  "tweenFrame": true,
                  "bd_src": 1,
                  "bd_dst": 771
                }
              ]
            }
          ]
        },
        {
          "name": "move_up",
          "dr": 12,
          "lp": true,
          "to": 0,
          "drTW": 0,
          "twE": 0,
          "sc": 0.25,
          "mov_bone_data": [
            {
              "name": "moveup",
              "dl": 0.0,
              "frame_data": [
                {
                  "dI": 0,
                  "x": 0.0,
                  "y": 0.0,
                  "z": 0,
                  "cX": 1.0,
                  "cY": 1.0,
                  "kX": 0.0,
                  "kY": 0.0,
                  "fi": 0,
                  "twE": 0,
                  "tweenFrame": true,
                  "bd_src": 1,
                  "bd_dst": 771
                },
                {
                  "dI": 1,
                  "x": 0.0,
                  "y": 0.0,
                  "z": 0,
                  "cX": 1.0,
                  "cY": 1.0,
                  "kX": 0.0,
                  "kY": 0.0,
                  "fi": 1,
                  "twE": 0,
                  "tweenFrame": true,
                  "bd_src": 1,
                  "bd_dst": 771
                },
                {
                  "dI": 2,
                  "x": 0.0,
                  "y": 0.0,
                  "z": 0,
                  "cX": 1.0,
                  "cY": 1.0,
                  "kX": 0.0,
                  "kY": 0.0,
                  "fi": 2,
                  "twE": 0,
                  "tweenFrame": true,
                  "bd_src": 1,
                  "bd_dst": 771
                },
                {
                  "dI": 3,
                  "x": 0.0,
                  "y": 0.0,
                  "z": 0,
                  "cX": 1.0,
                  "cY": 1.0,
                  "kX": 0.0,
                  "kY": 0.0,
                  "fi": 3,
                  "twE": 0,
                  "tweenFrame": true,
                  "bd_src": 1,
                  "bd_dst": 771
                },
                {
                  "dI": 4,
                  "x": 0.0,
                  "y": 0.0,
                  "z": 0,
                  "cX": 1.0,
                  "cY": 1.0,
                  "kX": 0.0,
                  "kY": 0.0,
                  "fi": 4,
                  "twE": 0,
                  "tweenFrame": true,
                  "bd_src": 1,
                  "bd_dst": 771
                },
                {
                  "dI": 5,
                  "x": 0.0,
                  "y": 0.0,
                  "z": 0,
                  "cX": 1.0,
                  "cY": 1.0,
                  "kX": 0.0,
                  "kY": 0.0,
                  "fi": 5,
                  "twE": 0,
                  "tweenFrame": true,
                  "bd_src": 1,
                  "bd_dst": 771
                },
                {
                  "dI": 6,
                  "x": 0.0,
                  "y": 0.0,
                  "z": 0,
                  "cX": 1.0,
                  "cY": 1.0,
                  "kX": 0.0,
                  "kY": 0.0,
                  "fi": 6,
                  "twE": 0,
                  "tweenFrame": true,
                  "bd_src": 1,
                  "bd_dst": 771
                },
                {
                  "dI": 7,
                  "x": 0.0,
                  "y": 0.0,
                  "z": 0,
                  "cX": 1.0,
                  "cY": 1.0,
                  "kX": 0.0,
                  "kY": 0.0,
                  "fi": 7,
                  "twE": 0,
                  "tweenFrame": true,
                  "bd_src": 1,
                  "bd_dst": 771
                },
                {
                  "dI": 8,
                  "x": 0.0,
                  "y": 0.0,
                  "z": 0,
                  "cX": 1.0,
                  "cY": 1.0,
                  "kX": 0.0,
                  "kY": 0.0,
                  "fi": 8,
                  "twE": 0,
                  "tweenFrame": true,
                  "bd_src": 1,
                  "bd_dst": 771
                },
                {
                  "dI": 9,
                  "x": 0.0,
                  "y": 0.0,
                  "z": 0,
                  "cX": 1.0,
                  "cY": 1.0,
                  "kX": 0.0,
                  "kY": 0.0,
                  "fi": 9,
                  "twE": 0,
                  "tweenFrame": true,
                  "bd_src": 1,
                  "bd_dst": 771
                },
                {
                  "dI": 10,
                  "x": 0.0,
                  "y": 0.0,
                  "z": 0,
                  "cX": 1.0,
                  "cY": 1.0,
                  "kX": 0.0,
                  "kY": 0.0,
                  "fi": 10,
                  "twE": 0,
                  "tweenFrame": true,
                  "bd_src": 1,
                  "bd_dst": 771
                },
                {
                  "dI": 11,
                  "x": 0.0,
                  "y": 0.0,
                  "z": 0,
                  "cX": 1.0,
                  "cY": 1.0,
                  "kX": 0.0,
                  "kY": 0.0,
                  "fi": 11,
                  "twE": 0,
                  "tweenFrame": true,
                  "bd_src": 1,
                  "bd_dst": 771
                }
              ]
            }
          ]
        },
        {
          "name": "move_down",
          "dr": 12,
          "lp": true,
          "to": 0,
          "drTW": 0,
          "twE": 0,
          "sc": 0.25,
          "mov_bone_data": [
            {
              "name": "movedown",
              "dl": 0.0,
              "frame_data": [
                {
                  "dI": 11,
                  "x": 0.0,
                  "y": 0.0,
                  "z": 0,
                  "cX": 1.0,
                  "cY": 1.0,
                  "kX": 0.0,
                  "kY": 0.0,
                  "fi": 0,
                  "twE": 0,
                  "tweenFrame": true,
                  "bd_src": 1,
                  "bd_dst": 771
                },
                {
                  "dI": 0,
                  "x": 0.0,
                  "y": 0.0,
                  "z": 0,
                  "cX": 1.0,
                  "cY": 1.0,
                  "kX": 0.0,
                  "kY": 0.0,
                  "fi": 1,
                  "twE": 0,
                  "tweenFrame": true,
                  "bd_src": 1,
                  "bd_dst": 771
                },
                {
                  "dI": 1,
                  "x": 0.0,
                  "y": 0.0,
                  "z": 0,
                  "cX": 1.0,
                  "cY": 1.0,
                  "kX": 0.0,
                  "kY": 0.0,
                  "fi": 2,
                  "twE": 0,
                  "tweenFrame": true,
                  "bd_src": 1,
                  "bd_dst": 771
                },
                {
                  "dI": 2,
                  "x": 0.0,
                  "y": 0.0,
                  "z": 0,
                  "cX": 1.0,
                  "cY": 1.0,
                  "kX": 0.0,
                  "kY": 0.0,
                  "fi": 3,
                  "twE": 0,
                  "tweenFrame": true,
                  "bd_src": 1,
                  "bd_dst": 771
                },
                {
                  "dI": 3,
                  "x": 0.0,
                  "y": 0.0,
                  "z": 0,
                  "cX": 1.0,
                  "cY": 1.0,
                  "kX": 0.0,
                  "kY": 0.0,
                  "fi": 4,
                  "twE": 0,
                  "tweenFrame": true,
                  "bd_src": 1,
                  "bd_dst": 771
                },
                {
                  "dI": 4,
                  "x": 0.0,
                  "y": 0.0,
                  "z": 0,
                  "cX": 1.0,
                  "cY": 1.0,
                  "kX": 0.0,
                  "kY": 0.0,
                  "fi": 5,
                  "twE": 0,
                  "tweenFrame": true,
                  "bd_src": 1,
                  "bd_dst": 771
                },
                {
                  "dI": 5,
                  "x": 0.0,
                  "y": 0.0,
                  "z": 0,
                  "cX": 1.0,
                  "cY": 1.0,
                  "kX": 0.0,
                  "kY": 0.0,
                  "fi": 6,
                  "twE": 0,
                  "tweenFrame": true,
                  "bd_src": 1,
                  "bd_dst": 771
                },
                {
                  "dI": 6,
                  "x": 0.0,
                  "y": 0.0,
                  "z": 0,
                  "cX": 1.0,
                  "cY": 1.0,
                  "kX": 0.0,
                  "kY": 0.0,
                  "fi": 7,
                  "twE": 0,
                  "tweenFrame": true,
                  "bd_src": 1,
                  "bd_dst": 771
                },
                {
                  "dI": 7,
                  "x": 0.0,
                  "y": 0.0,
                  "z": 0,
                  "cX": 1.0,
                  "cY": 1.0,
                  "kX": 0.0,
                  "kY": 0.0,
                  "fi": 8,
                  "twE": 0,
                  "tweenFrame": true,
                  "bd_src": 1,
                  "bd_dst": 771
                },
                {
                  "dI": 8,
                  "x": 0.0,
                  "y": 0.0,
                  "z": 0,
                  "cX": 1.0,
                  "cY": 1.0,
                  "kX": 0.0,
                  "kY": 0.0,
                  "fi": 9,
                  "twE": 0,
                  "tweenFrame": true,
                  "bd_src": 1,
                  "bd_dst": 771
                },
                {
                  "dI": 9,
                  "x": 0.0,
                  "y": 0.0,
                  "z": 0,
                  "cX": 1.0,
                  "cY": 1.0,
                  "kX": 0.0,
                  "kY": 0.0,
                  "fi": 10,
                  "twE": 0,
                  "tweenFrame": true,
                  "bd_src": 1,
                  "bd_dst": 771
                },
                {
                  "dI": 10,
                  "x": 0.0,
                  "y": 0.0,
                  "z": 0,
                  "cX": 1.0,
                  "cY": 1.0,
                  "kX": 0.0,
                  "kY": 0.0,
                  "fi": 11,
                  "twE": 0,
                  "tweenFrame": true,
                  "bd_src": 1,
                  "bd_dst": 771
                }
              ]
            }
          ]
        },
        {
          "name": "skill_right",
          "dr": 16,
          "lp": true,
          "to": 0,
          "drTW": 0,
          "twE": 0,
          "sc": 0.25,
          "mov_bone_data": [
            {
              "name": "skill_right",
              "dl": 0.0,
              "frame_data": [
                {
                  "dI": 0,
                  "x": 0.0,
                  "y": 0.0,
                  "z": 0,
                  "cX": 1.0,
                  "cY": 1.0,
                  "kX": 0.0,
                  "kY": 0.0,
                  "fi": 0,
                  "twE": 0,
                  "tweenFrame": true,
                  "bd_src": 1,
                  "bd_dst": 771
                },
                {
                  "dI": 1,
                  "x": 0.0,
                  "y": 0.0,
                  "z": 0,
                  "cX": 1.0,
                  "cY": 1.0,
                  "kX": 0.0,
                  "kY": 0.0,
                  "fi": 1,
                  "twE": 0,
                  "tweenFrame": true,
                  "bd_src": 1,
                  "bd_dst": 771
                },
                {
                  "dI": 2,
                  "x": 0.0,
                  "y": 0.0,
                  "z": 0,
                  "cX": 1.0,
                  "cY": 1.0,
                  "kX": 0.0,
                  "kY": 0.0,
                  "fi": 2,
                  "twE": 0,
                  "tweenFrame": true,
                  "bd_src": 1,
                  "bd_dst": 771
                },
                {
                  "dI": 3,
                  "x": 0.0,
                  "y": 0.0,
                  "z": 0,
                  "cX": 1.0,
                  "cY": 1.0,
                  "kX": 0.0,
                  "kY": 0.0,
                  "fi": 3,
                  "twE": 0,
                  "tweenFrame": true,
                  "bd_src": 1,
                  "bd_dst": 771
                },
                {
                  "dI": 4,
                  "x": 0.0,
                  "y": 0.0,
                  "z": 0,
                  "cX": 1.0,
                  "cY": 1.0,
                  "kX": 0.0,
                  "kY": 0.0,
                  "fi": 4,
                  "twE": 0,
                  "tweenFrame": true,
                  "evt": "skill",
                  "bd_src": 1,
                  "bd_dst": 771
                },
                {
                  "dI": 5,
                  "x": 0.0,
                  "y": 0.0,
                  "z": 0,
                  "cX": 1.0,
                  "cY": 1.0,
                  "kX": 0.0,
                  "kY": 0.0,
                  "fi": 5,
                  "twE": 0,
                  "tweenFrame": true,
                  "bd_src": 1,
                  "bd_dst": 771
                },
                {
                  "dI": 6,
                  "x": 0.0,
                  "y": 0.0,
                  "z": 0,
                  "cX": 1.0,
                  "cY": 1.0,
                  "kX": 0.0,
                  "kY": 0.0,
                  "fi": 6,
                  "twE": 0,
                  "tweenFrame": true,
                  "bd_src": 1,
                  "bd_dst": 771
                },
                {
                  "dI": 7,
                  "x": 0.0,
                  "y": 0.0,
                  "z": 0,
                  "cX": 1.0,
                  "cY": 1.0,
                  "kX": 0.0,
                  "kY": 0.0,
                  "fi": 7,
                  "twE": 0,
                  "tweenFrame": true,
                  "bd_src": 1,
                  "bd_dst": 771
                },
                {
                  "dI": 7,
                  "x": 0.0,
                  "y": 0.0,
                  "z": 0,
                  "cX": 1.0,
                  "cY": 1.0,
                  "kX": 0.0,
                  "kY": 0.0,
                  "fi": 15,
                  "twE": 0,
                  "tweenFrame": true,
                  "bd_src": 1,
                  "bd_dst": 771
                }
              ]
            }
          ]
        },
        {
          "name": "skill_left",
          "dr": 16,
          "lp": true,
          "to": 0,
          "drTW": 0,
          "twE": 0,
          "sc": 0.25,
          "mov_bone_data": [
            {
              "name": "skill_left",
              "dl": 0.0,
              "frame_data": [
                {
                  "dI": 0,
                  "x": 0.0,
                  "y": 0.0,
                  "z": 0,
                  "cX": 1.0,
                  "cY": 1.0,
                  "kX": 0.0,
                  "kY": 0.0,
                  "fi": 0,
                  "twE": 0,
                  "tweenFrame": true,
                  "bd_src": 1,
                  "bd_dst": 771
                },
                {
                  "dI": 1,
                  "x": 0.0,
                  "y": 0.0,
                  "z": 0,
                  "cX": 1.0,
                  "cY": 1.0,
                  "kX": 0.0,
                  "kY": 0.0,
                  "fi": 1,
                  "twE": 0,
                  "tweenFrame": true,
                  "bd_src": 1,
                  "bd_dst": 771
                },
                {
                  "dI": 2,
                  "x": 0.0,
                  "y": 0.0,
                  "z": 0,
                  "cX": 1.0,
                  "cY": 1.0,
                  "kX": 0.0,
                  "kY": 0.0,
                  "fi": 2,
                  "twE": 0,
                  "tweenFrame": true,
                  "bd_src": 1,
                  "bd_dst": 771
                },
                {
                  "dI": 3,
                  "x": 0.0,
                  "y": 0.0,
                  "z": 0,
                  "cX": 1.0,
                  "cY": 1.0,
                  "kX": 0.0,
                  "kY": 0.0,
                  "fi": 3,
                  "twE": 0,
                  "tweenFrame": true,
                  "bd_src": 1,
                  "bd_dst": 771
                },
                {
                  "dI": 4,
                  "x": 0.0,
                  "y": 0.0,
                  "z": 0,
                  "cX": 1.0,
                  "cY": 1.0,
                  "kX": 0.0,
                  "kY": 0.0,
                  "fi": 4,
                  "twE": 0,
                  "tweenFrame": true,
                  "evt": "skill",
                  "bd_src": 1,
                  "bd_dst": 771
                },
                {
                  "dI": 5,
                  "x": 0.0,
                  "y": 0.0,
                  "z": 0,
                  "cX": 1.0,
                  "cY": 1.0,
                  "kX": 0.0,
                  "kY": 0.0,
                  "fi": 5,
                  "twE": 0,
                  "tweenFrame": true,
                  "bd_src": 1,
                  "bd_dst": 771
                },
                {
                  "dI": 6,
                  "x": 0.0,
                  "y": 0.0,
                  "z": 0,
                  "cX": 1.0,
                  "cY": 1.0,
                  "kX": 0.0,
                  "kY": 0.0,
                  "fi": 6,
                  "twE": 0,
                  "tweenFrame": true,
                  "bd_src": 1,
                  "bd_dst": 771
                },
                {
                  "dI": 7,
                  "x": 0.0,
                  "y": 0.0,
                  "z": 0,
                  "cX": 1.0,
                  "cY": 1.0,
                  "kX": 0.0,
                  "kY": 0.0,
                  "fi": 7,
                  "twE": 0,
                  "tweenFrame": true,
                  "bd_src": 1,
                  "bd_dst": 771
                },
                {
                  "dI": 7,
                  "x": 0.0,
                  "y": 0.0,
                  "z": 0,
                  "cX": 1.0,
                  "cY": 1.0,
                  "kX": 0.0,
                  "kY": 0.0,
                  "fi": 15,
                  "twE": 0,
                  "tweenFrame": true,
                  "bd_src": 1,
                  "bd_dst": 771
                }
              ]
            }
          ]
        }
      ]
    }
  ],
  "texture_data": [
    {
      "name": "image 13235",
      "width": 37.0,
      "height": 27.0,
      "pX": 0.5,
      "pY": 0.5,
      "plistFile": ""
    },
    {
      "name": "image 13237",
      "width": 0.0,
      "height": 0.0,
      "pX": 0.5,
      "pY": 0.5,
      "plistFile": ""
    },
    {
      "name": "image 13239",
      "width": 0.0,
      "height": 0.0,
      "pX": 0.5,
      "pY": 0.5,
      "plistFile": ""
    },
    {
      "name": "image 13241",
      "width": 0.0,
      "height": 0.0,
      "pX": 0.5,
      "pY": 0.5,
      "plistFile": ""
    },
    {
      "name": "image 13243",
      "width": 0.0,
      "height": 0.0,
      "pX": 0.5,
      "pY": 0.5,
      "plistFile": ""
    },
    {
      "name": "image 13245",
      "width": 0.0,
      "height": 0.0,
      "pX": 0.5,
      "pY": 0.5,
      "plistFile": ""
    },
    {
      "name": "image 13247",
      "width": 0.0,
      "height": 0.0,
      "pX": 0.5,
      "pY": 0.5,
      "plistFile": ""
    },
    {
      "name": "image 13249",
      "width": 0.0,
      "height": 0.0,
      "pX": 0.5,
      "pY": 0.5,
      "plistFile": ""
    },
    {
      "name": "image 13251",
      "width": 0.0,
      "height": 0.0,
      "pX": 0.5,
      "pY": 0.5,
      "plistFile": ""
    },
    {
      "name": "image 13253",
      "width": 0.0,
      "height": 0.0,
      "pX": 0.5,
      "pY": 0.5,
      "plistFile": ""
    },
    {
      "name": "image 13255",
      "width": 0.0,
      "height": 0.0,
      "pX": 0.5,
      "pY": 0.5,
      "plistFile": ""
    },
    {
      "name": "image 13257",
      "width": 0.0,
      "height": 0.0,
      "pX": 0.5,
      "pY": 0.5,
      "plistFile": ""
    },
    {
      "name": "image 13259",
      "width": 37.0,
      "height": 27.0,
      "pX": 0.5,
      "pY": 0.5,
      "plistFile": ""
    },
    {
      "name": "image 13261",
      "width": 0.0,
      "height": 0.0,
      "pX": 0.5,
      "pY": 0.5,
      "plistFile": ""
    },
    {
      "name": "image 13263",
      "width": 0.0,
      "height": 0.0,
      "pX": 0.5,
      "pY": 0.5,
      "plistFile": ""
    },
    {
      "name": "image 13265",
      "width": 0.0,
      "height": 0.0,
      "pX": 0.5,
      "pY": 0.5,
      "plistFile": ""
    },
    {
      "name": "image 13267",
      "width": 0.0,
      "height": 0.0,
      "pX": 0.5,
      "pY": 0.5,
      "plistFile": ""
    },
    {
      "name": "image 13269",
      "width": 0.0,
      "height": 0.0,
      "pX": 0.5,
      "pY": 0.5,
      "plistFile": ""
    },
    {
      "name": "image 13271",
      "width": 0.0,
      "height": 0.0,
      "pX": 0.5,
      "pY": 0.5,
      "plistFile": ""
    },
    {
      "name": "image 13273",
      "width": 0.0,
      "height": 0.0,
      "pX": 0.5,
      "pY": 0.5,
      "plistFile": ""
    },
    {
      "name": "image 13275",
      "width": 0.0,
      "height": 0.0,
      "pX": 0.5,
      "pY": 0.5,
      "plistFile": ""
    },
    {
      "name": "image 13277",
      "width": 0.0,
      "height": 0.0,
      "pX": 0.5,
      "pY": 0.5,
      "plistFile": ""
    },
    {
      "name": "image 13279",
      "width": 0.0,
      "height": 0.0,
      "pX": 0.5,
      "pY": 0.5,
      "plistFile": ""
    },
    {
      "name": "image 13281",
      "width": 0.0,
      "height": 0.0,
      "pX": 0.5,
      "pY": 0.5,
      "plistFile": ""
    },
    {
      "name": "image 13283",
      "width": 37.0,
      "height": 27.0,
      "pX": 0.5,
      "pY": 0.5,
      "plistFile": ""
    },
    {
      "name": "image 13285",
      "width": 37.0,
      "height": 27.0,
      "pX": 0.5,
      "pY": 0.5,
      "plistFile": ""
    },
    {
      "name": "image 13287",
      "width": 0.0,
      "height": 0.0,
      "pX": 0.5,
      "pY": 0.5,
      "plistFile": ""
    },
    {
      "name": "image 13289",
      "width": 0.0,
      "height": 0.0,
      "pX": 0.5,
      "pY": 0.5,
      "plistFile": ""
    },
    {
      "name": "image 13291",
      "width": 0.0,
      "height": 0.0,
      "pX": 0.5,
      "pY": 0.5,
      "plistFile": ""
    },
    {
      "name": "image 13293",
      "width": 0.0,
      "height": 0.0,
      "pX": 0.5,
      "pY": 0.5,
      "plistFile": ""
    },
    {
      "name": "image 13295",
      "width": 0.0,
      "height": 0.0,
      "pX": 0.5,
      "pY": 0.5,
      "plistFile": ""
    },
    {
      "name": "image 13297",
      "width": 0.0,
      "height": 0.0,
      "pX": 0.5,
      "pY": 0.5,
      "plistFile": ""
    },
    {
      "name": "image 13299",
      "width": 0.0,
      "height": 0.0,
      "pX": 0.5,
      "pY": 0.5,
      "plistFile": ""
    },
    {
      "name": "image 13301",
      "width": 0.0,
      "height": 0.0,
      "pX": 0.5,
      "pY": 0.5,
      "plistFile": ""
    },
    {
      "name": "image 13303",
      "width": 0.0,
      "height": 0.0,
      "pX": 0.5,
      "pY": 0.5,
      "plistFile": ""
    },
    {
      "name": "image 13305",
      "width": 0.0,
      "height": 0.0,
      "pX": 0.5,
      "pY": 0.5,
      "plistFile": ""
    },
    {
      "name": "image 13307",
      "width": 37.0,
      "height": 27.0,
      "pX": 0.5,
      "pY": 0.5,
      "plistFile": ""
    },
    {
      "name": "image 13309",
      "width": 37.0,
      "height": 27.0,
      "pX": 0.5,
      "pY": 0.5,
      "plistFile": ""
    },
    {
      "name": "image 13311",
      "width": 37.0,
      "height": 27.0,
      "pX": 0.5,
      "pY": 0.5,
      "plistFile": ""
    },
    {
      "name": "image 13313",
      "width": 37.0,
      "height": 27.0,
      "pX": 0.5,
      "pY": 0.5,
      "plistFile": ""
    },
    {
      "name": "image 13315",
      "width": 0.0,
      "height": 0.0,
      "pX": 0.5,
      "pY": 0.5,
      "plistFile": ""
    },
    {
      "name": "image 13317",
      "width": 0.0,
      "height": 0.0,
      "pX": 0.5,
      "pY": 0.5,
      "plistFile": ""
    },
    {
      "name": "image 13319",
      "width": 0.0,
      "height": 0.0,
      "pX": 0.5,
      "pY": 0.5,
      "plistFile": ""
    },
    {
      "name": "image 13321",
      "width": 37.0,
      "height": 27.0,
      "pX": 0.5,
      "pY": 0.5,
      "plistFile": ""
    },
    {
      "name": "image 13323",
      "width": 0.0,
      "height": 0.0,
      "pX": 0.5,
      "pY": 0.5,
      "plistFile": ""
    },
    {
      "name": "image 13325",
      "width": 37.0,
      "height": 27.0,
      "pX": 0.5,
      "pY": 0.5,
      "plistFile": ""
    },
    {
      "name": "image 13353",
      "width": 37.0,
      "height": 27.0,
      "pX": 0.5,
      "pY": 0.5,
      "plistFile": ""
    },
    {
      "name": "image 13355",
      "width": 0.0,
      "height": 0.0,
      "pX": 0.5,
      "pY": 0.5,
      "plistFile": ""
    },
    {
      "name": "image 13357",
      "width": 0.0,
      "height": 0.0,
      "pX": 0.5,
      "pY": 0.5,
      "plistFile": ""
    },
    {
      "name": "image 13359",
      "width": 0.0,
      "height": 0.0,
      "pX": 0.5,
      "pY": 0.5,
      "plistFile": ""
    },
    {
      "name": "image 13361",
      "width": 0.0,
      "height": 0.0,
      "pX": 0.5,
      "pY": 0.5,
      "plistFile": ""
    },
    {
      "name": "image 13363",
      "width": 0.0,
      "height": 0.0,
      "pX": 0.5,
      "pY": 0.5,
      "plistFile": ""
    },
    {
      "name": "image 13365",
      "width": 0.0,
      "height": 0.0,
      "pX": 0.5,
      "pY": 0.5,
      "plistFile": ""
    }
  ],
  "config_file_path": [],
  "config_png_path": []
}